"id","userId","sl_no","type","itemId","originId","amount","quantity","createdAt","updatedAt","stock","avgRate"
"0088e815-be6d-4c75-bac1-da35ef15dbe9","24b5aef6-9ed2-4a75-ad69-afa805d17749","22","SELL","8c8257d0-878a-473e-a9d1-e3e3a73af043","c48bb4c9-b68b-4bb0-b0e7-ca68b700e4ae","221","17","2024-09-27 16:31:52.044","2024-09-30 12:38:56.981","321","12.92"
"013221d7-f16b-4ea6-a49e-72c194ea3507","785f39c4-0c76-4730-a663-e68df8e16bde","12","SELL","8c8257d0-878a-473e-a9d1-e3e3a73af043","9aecf87c-0b29-4cfb-ac11-8ed2d3bfb28d","221","17","2024-09-27 12:48:49.358","2024-09-30 05:50:18.509","247","12.93"
"013eb419-15de-466f-a6f0-edd9fc4a437e","785f39c4-0c76-4730-a663-e68df8e16bde","7","SELL","8c8257d0-878a-473e-a9d1-e3e3a73af043","9aecf87c-0b29-4cfb-ac11-8ed2d3bfb28d","156","12","2024-09-30 06:05:58.15","2024-09-30 06:05:58.15","48","12.99"
"0162c7bb-8c44-4764-8486-06d624f1048e","785f39c4-0c76-4730-a663-e68df8e16bde","10","SELL","8c8257d0-878a-473e-a9d1-e3e3a73af043","513ccec2-2702-455c-8e17-caac1cdb996b","444","34","2024-09-27 12:19:58.608","2024-09-30 05:50:18.509","6","12.93"
"01f65d19-a057-4ed1-a212-3ae856915bb3","785f39c4-0c76-4730-a663-e68df8e16bde","22","SELL","c18c0ba0-0833-46d4-91cb-4239dfa99618","3a15ea2f-ac58-4668-97aa-7f71e2c04a53","42","1","2024-09-25 13:23:01.236","2024-09-30 05:50:18.509","477","43.09"
"021446db-0729-4a8f-aaaa-7ff4e717dbe1","785f39c4-0c76-4730-a663-e68df8e16bde","8","SELL","8c8257d0-878a-473e-a9d1-e3e3a73af043","c48bb4c9-b68b-4bb0-b0e7-ca68b700e4ae","221","17","2024-09-29 11:10:13.276","2024-09-30 05:50:18.509","85","12.99"
"0359de60-00af-4510-9705-d729bc0ac3f7","0a486e2b-c76f-4f4f-8b8e-c4a6d71a9461","59","BUY","8c8257d0-878a-473e-a9d1-e3e3a73af043","c48bb4c9-b68b-4bb0-b0e7-ca68b700e4ae","1407","154","2024-09-25 20:51:49.685","2024-09-30 12:38:56.981","171","9.01"
"072aad66-3007-47e3-9a6e-fa052c9f4037","785f39c4-0c76-4730-a663-e68df8e16bde","53","SELL","8c8257d0-878a-473e-a9d1-e3e3a73af043","9aecf87c-0b29-4cfb-ac11-8ed2d3bfb28d","130","10","2024-09-26 16:43:13.297","2024-09-30 12:38:56.981","104","12.98"
"07477e3b-5fcb-4867-8e29-be9fbec9d4e2","0a486e2b-c76f-4f4f-8b8e-c4a6d71a9461","24","BUY","8c8257d0-878a-473e-a9d1-e3e3a73af043","9aecf87c-0b29-4cfb-ac11-8ed2d3bfb28d","1635","204","2024-09-30 13:45:08.114","2024-09-30 13:45:08.114","350","8.53"
"07b04dd9-323c-458b-a2db-5fb7d79ee5e8","0a486e2b-c76f-4f4f-8b8e-c4a6d71a9461","17","BUY","c331abe1-e7aa-4d31-9f10-11b98219cb66","f0f9c94d-1cdd-4f05-a5aa-cd93470b1f11","26800","500","2024-09-25 12:44:20.062","2024-09-30 05:50:18.509","500","53.59"
"0b85d18a-8fbc-4786-9e70-518aa31d3d44","708673fd-51aa-4253-8c4f-8f13c2f3c70c","55","SELL","8c8257d0-878a-473e-a9d1-e3e3a73af043","c48bb4c9-b68b-4bb0-b0e7-ca68b700e4ae","325","25","2024-09-25 20:07:21.027","2024-09-30 12:38:56.981","147","12.97"
"0be51df0-ef2a-48ec-a435-000c1ad839e1","785f39c4-0c76-4730-a663-e68df8e16bde","10","SELL","8c8257d0-878a-473e-a9d1-e3e3a73af043","2e22fcab-6896-4999-bcb8-3eae746250c7","130","10","2024-09-26 07:01:31.257","2024-09-30 05:50:18.509","105","12.97"
"0c6b8412-43f6-40ab-880a-28300177f80a","785f39c4-0c76-4730-a663-e68df8e16bde","24","SELL","8c8257d0-878a-473e-a9d1-e3e3a73af043","9aecf87c-0b29-4cfb-ac11-8ed2d3bfb28d","130","10","2024-09-27 18:01:48.091","2024-09-30 12:38:56.981","93","12.92"
"0c9cb285-4dcf-49c5-86d5-417dc4b5a2d3","24b5aef6-9ed2-4a75-ad69-afa805d17749","19","SELL","8c8257d0-878a-473e-a9d1-e3e3a73af043","c48bb4c9-b68b-4bb0-b0e7-ca68b700e4ae","190","15","2024-09-28 16:16:51.402","2024-09-30 05:50:18.509","236","12.93"
"0d1d9bf8-dfe6-4f84-aca1-87afc689af5b","785f39c4-0c76-4730-a663-e68df8e16bde","33","SELL","c18c0ba0-0833-46d4-91cb-4239dfa99618","3a15ea2f-ac58-4668-97aa-7f71e2c04a53","86","2","2024-09-26 12:55:11.036","2024-09-30 12:38:56.981","455","43.91"
"0d359419-5874-47ac-a31a-ff8057278f26","785f39c4-0c76-4730-a663-e68df8e16bde","1","SELL","8c8257d0-878a-473e-a9d1-e3e3a73af043","c48bb4c9-b68b-4bb0-b0e7-ca68b700e4ae","500","39","2024-09-29 06:17:36.014","2024-09-29 06:17:36.014","133","12.94"
"0d69e015-a617-4ee6-a19c-2e8869b4821d","ffe8da22-a1f3-4722-bfea-2a6b530620dc","6","BUY","c331abe1-e7aa-4d31-9f10-11b98219cb66","f0f9c94d-1cdd-4f05-a5aa-cd93470b1f11","904","17","2024-09-25 09:41:53.229","2024-09-30 05:50:18.509","17","53.18"
"0ef00a07-7701-4497-8ff3-7b00e3231047","785f39c4-0c76-4730-a663-e68df8e16bde","27","SELL","8c8257d0-878a-473e-a9d1-e3e3a73af043","c48bb4c9-b68b-4bb0-b0e7-ca68b700e4ae","130","10","2024-09-28 18:53:24.574","2024-09-30 12:38:56.981","215","12.93"
"0f4efc76-45ba-4ade-bc79-9c4307bcf3c1","ffe8da22-a1f3-4722-bfea-2a6b530620dc","36","SELL","026bb992-ae5f-4e05-9081-7e927ff1d472","4bb6ed3f-0c39-4bf2-84e6-bffeb42c110a","1","1","2024-09-30 20:55:58.754","2024-09-30 20:55:58.754","96","58.50"
"0f9c97a3-73b7-4447-90fc-7851a0468e9e","4e2364e5-6611-4e4f-907b-43923da742f4","31","SELL","8c8257d0-878a-473e-a9d1-e3e3a73af043","2e22fcab-6896-4999-bcb8-3eae746250c7","325","25","2024-09-26 12:47:31.666","2024-09-30 12:38:56.981","139","12.98"
"0fc717ce-8393-4649-8bbd-ea9d4033a83c","785f39c4-0c76-4730-a663-e68df8e16bde","13","SELL","8c8257d0-878a-473e-a9d1-e3e3a73af043","c48bb4c9-b68b-4bb0-b0e7-ca68b700e4ae","260","20","2024-09-29 12:42:53.413","2024-09-30 05:50:18.509","36","12.99"
"1136f8dd-7934-4709-9d20-6d677a9a526c","785f39c4-0c76-4730-a663-e68df8e16bde","14","SELL","8c8257d0-878a-473e-a9d1-e3e3a73af043","9aecf87c-0b29-4cfb-ac11-8ed2d3bfb28d","330","25","2024-09-30 11:08:01.73","2024-09-30 11:08:01.73","186","12.99"
"130e0769-9c10-42ea-989b-350d9a20e449","4e2364e5-6611-4e4f-907b-43923da742f4","19","SELL","8c8257d0-878a-473e-a9d1-e3e3a73af043","2e22fcab-6896-4999-bcb8-3eae746250c7","221","17","2024-09-26 10:41:07.39","2024-09-30 05:50:18.509","27","12.98"
"140217f9-7fc4-4983-aaca-a742a40a065d","4e2364e5-6611-4e4f-907b-43923da742f4","22","SELL","8c8257d0-878a-473e-a9d1-e3e3a73af043","2e22fcab-6896-4999-bcb8-3eae746250c7","130","10","2024-09-25 13:30:15.55","2024-09-30 05:50:18.509","77","13.03"
"155436e6-60e5-441f-bf09-578bf7e41c82","785f39c4-0c76-4730-a663-e68df8e16bde","19","SELL","8c8257d0-878a-473e-a9d1-e3e3a73af043","9aecf87c-0b29-4cfb-ac11-8ed2d3bfb28d","130","10","2024-09-29 14:14:40.801","2024-09-30 05:50:18.509","214","12.99"
"1629e668-a6a8-4e63-ad60-468aa4ac136c","4e2364e5-6611-4e4f-907b-43923da742f4","21","SELL","8c8257d0-878a-473e-a9d1-e3e3a73af043","2e22fcab-6896-4999-bcb8-3eae746250c7","650","50","2024-09-27 16:19:07.345","2024-09-30 05:50:18.509","307","12.91"
"163224ee-8fc3-441e-88db-242dd66cd4f7","785f39c4-0c76-4730-a663-e68df8e16bde","33","SELL","8c8257d0-878a-473e-a9d1-e3e3a73af043","9aecf87c-0b29-4cfb-ac11-8ed2d3bfb28d","507","39","2024-09-25 16:12:23.357","2024-09-30 12:38:56.981","78","13.01"
"16c84e3b-8cff-4f94-a7e4-64ceb9feb75b","785f39c4-0c76-4730-a663-e68df8e16bde","17","SELL","8c8257d0-878a-473e-a9d1-e3e3a73af043","9aecf87c-0b29-4cfb-ac11-8ed2d3bfb28d","130","10","2024-09-30 11:45:12.351","2024-09-30 11:45:12.351","156","12.99"
"18a734a5-7453-45c1-9e0a-0c51068a31d6","785f39c4-0c76-4730-a663-e68df8e16bde","66","SELL","8c8257d0-878a-473e-a9d1-e3e3a73af043","513ccec2-2702-455c-8e17-caac1cdb996b","260","20","2024-09-26 19:18:43.106","2024-09-30 12:38:56.981","200","12.98"
"1af051ec-8156-499d-b73a-917af2c66693","785f39c4-0c76-4730-a663-e68df8e16bde","23","SELL","8c8257d0-878a-473e-a9d1-e3e3a73af043","9aecf87c-0b29-4cfb-ac11-8ed2d3bfb28d","130","10","2024-09-25 14:44:29.443","2024-09-30 12:38:56.981","137","13.02"
"1bfd893b-0880-4588-8b1c-4d6165ba9892","785f39c4-0c76-4730-a663-e68df8e16bde","46","SELL","c331abe1-e7aa-4d31-9f10-11b98219cb66","f0f9c94d-1cdd-4f05-a5aa-cd93470b1f11","224","4","2024-09-26 15:32:32.66","2024-09-30 12:38:56.981","523","57.19"
"1c346d55-bc37-4a40-a9b6-4a5c8fa62361","785f39c4-0c76-4730-a663-e68df8e16bde","9","SELL","8c8257d0-878a-473e-a9d1-e3e3a73af043","2e22fcab-6896-4999-bcb8-3eae746250c7","182","14","2024-09-26 07:00:50.314","2024-09-30 05:50:18.509","115","12.97"
"1d082378-0a7b-4bd0-8f94-26c50ef53037","708673fd-51aa-4253-8c4f-8f13c2f3c70c","45","SELL","8c8257d0-878a-473e-a9d1-e3e3a73af043","c48bb4c9-b68b-4bb0-b0e7-ca68b700e4ae","260","20","2024-09-25 19:10:20.627","2024-09-30 12:38:56.981","121","13.01"
"1d2dac1e-ae9c-43e8-9bb9-b86d4562dbca","785f39c4-0c76-4730-a663-e68df8e16bde","33","SELL","026bb992-ae5f-4e05-9081-7e927ff1d472","4bb6ed3f-0c39-4bf2-84e6-bffeb42c110a","70","1","2024-09-25 16:12:42.579","2024-09-30 12:38:56.981","98","70.00"
"1d976bce-fff1-47de-b6bd-84f0df29fd2f","785f39c4-0c76-4730-a663-e68df8e16bde","43","SELL","8c8257d0-878a-473e-a9d1-e3e3a73af043","2e22fcab-6896-4999-bcb8-3eae746250c7","650","50","2024-09-25 18:53:27.343","2024-09-30 12:38:56.981","242","13.02"
"1dd83ac2-de20-4e39-a5aa-730f2178fb0c","4e2364e5-6611-4e4f-907b-43923da742f4","27","SELL","8c8257d0-878a-473e-a9d1-e3e3a73af043","2e22fcab-6896-4999-bcb8-3eae746250c7","2000","155","2024-09-30 15:05:19.118","2024-09-30 15:05:19.118","112","13.00"
"20a4409d-47f3-4508-9691-5e7b066ed56d","4e2364e5-6611-4e4f-907b-43923da742f4","24","SELL","8c8257d0-878a-473e-a9d1-e3e3a73af043","2e22fcab-6896-4999-bcb8-3eae746250c7","260","20","2024-09-26 12:15:43.336","2024-09-30 12:38:56.981","188","12.98"
"20bf6c47-a308-462a-8f1c-7cf730c16780","785f39c4-0c76-4730-a663-e68df8e16bde","3","SELL","8c8257d0-878a-473e-a9d1-e3e3a73af043","c48bb4c9-b68b-4bb0-b0e7-ca68b700e4ae","130","10","2024-09-29 06:18:50.68","2024-09-29 06:18:50.68","93","12.94"
"21fd5332-8378-4ee3-89ac-a71125469711","24b5aef6-9ed2-4a75-ad69-afa805d17749","27","SELL","026bb992-ae5f-4e05-9081-7e927ff1d472","4bb6ed3f-0c39-4bf2-84e6-bffeb42c110a","70","1","2024-09-25 15:08:31.944","2024-09-30 12:38:56.981","100","70.00"
"239d49f6-9557-4f51-a3a4-966f09964e17","785f39c4-0c76-4730-a663-e68df8e16bde","44","SELL","8c8257d0-878a-473e-a9d1-e3e3a73af043","9aecf87c-0b29-4cfb-ac11-8ed2d3bfb28d","195","15","2024-09-26 14:57:15.649","2024-09-30 12:38:56.981","141","12.98"
"249d9831-b45e-40b6-b494-eb747e2345fc","4e2364e5-6611-4e4f-907b-43923da742f4","21","SELL","8c8257d0-878a-473e-a9d1-e3e3a73af043","2e22fcab-6896-4999-bcb8-3eae746250c7","200","15","2024-09-26 10:52:39.454","2024-09-30 05:50:18.509","12","12.98"
"254795a8-dc87-4acd-ac52-31da37e1acf1","0a486e2b-c76f-4f4f-8b8e-c4a6d71a9461","49","BUY","8c8257d0-878a-473e-a9d1-e3e3a73af043","c48bb4c9-b68b-4bb0-b0e7-ca68b700e4ae","2740","306","2024-09-25 19:53:33.142","2024-09-30 12:38:56.981","370","9.06"
"257dce3d-092d-4dc5-8215-742d1af2dc8a","4e2364e5-6611-4e4f-907b-43923da742f4","6","SELL","8c8257d0-878a-473e-a9d1-e3e3a73af043","2e22fcab-6896-4999-bcb8-3eae746250c7","130","10","2024-09-28 06:57:10.483","2024-09-28 06:57:10.483","207","12.93"
"25f8341b-935d-4004-88ba-c40dc1260f08","785f39c4-0c76-4730-a663-e68df8e16bde","68","SELL","8c8257d0-878a-473e-a9d1-e3e3a73af043","513ccec2-2702-455c-8e17-caac1cdb996b","160","12","2024-09-26 19:19:51.342","2024-09-30 12:38:56.981","138","12.97"
"26b3a6f0-0c29-4048-b816-d748821cb5d0","4e2364e5-6611-4e4f-907b-43923da742f4","20","SELL","c18c0ba0-0833-46d4-91cb-4239dfa99618","3a15ea2f-ac58-4668-97aa-7f71e2c04a53","215","5","2024-09-25 13:19:59.415","2024-09-30 05:50:18.509","478","43.14"
"26e815d9-e919-4bfd-aa02-782428c94cc5","4e2364e5-6611-4e4f-907b-43923da742f4","16","SELL","c331abe1-e7aa-4d31-9f10-11b98219cb66","f0f9c94d-1cdd-4f05-a5aa-cd93470b1f11","952","17","2024-09-25 12:41:32.343","2024-09-30 05:50:18.509","0","56.00"
"279a7c02-50c2-472f-a3b2-3c05a1fb7d63","785f39c4-0c76-4730-a663-e68df8e16bde","37","SELL","c18c0ba0-0833-46d4-91cb-4239dfa99618","3a15ea2f-ac58-4668-97aa-7f71e2c04a53","430","10","2024-09-25 17:07:55.817","2024-09-30 12:38:56.981","462","43.89"
"2bb9df26-b8f3-48b0-bf59-55108a841711","708673fd-51aa-4253-8c4f-8f13c2f3c70c","47","SELL","8c8257d0-878a-473e-a9d1-e3e3a73af043","c48bb4c9-b68b-4bb0-b0e7-ca68b700e4ae","520","40","2024-09-25 19:11:36.862","2024-09-30 12:38:56.981","64","13.01"
"2bbfd534-59db-4771-92c8-0e3f15389fe4","708673fd-51aa-4253-8c4f-8f13c2f3c70c","22","SELL","8c8257d0-878a-473e-a9d1-e3e3a73af043","c48bb4c9-b68b-4bb0-b0e7-ca68b700e4ae","221","16","2024-09-27 16:30:59.281","2024-09-30 05:50:18.509","338","12.92"
"30999d18-fedb-4a36-b24b-e8f76824e381","785f39c4-0c76-4730-a663-e68df8e16bde","29","SELL","8c8257d0-878a-473e-a9d1-e3e3a73af043","9aecf87c-0b29-4cfb-ac11-8ed2d3bfb28d","160","12","2024-09-29 19:55:56.292","2024-09-30 12:38:56.981","197","12.99"
"31aefea0-6f69-4844-a8b2-688b709afa43","785f39c4-0c76-4730-a663-e68df8e16bde","17","SELL","8c8257d0-878a-473e-a9d1-e3e3a73af043","2e22fcab-6896-4999-bcb8-3eae746250c7","221","17","2024-09-26 10:30:49.114","2024-09-30 05:50:18.509","44","12.97"
"32194d6b-80c9-467d-832c-0a72adc48c22","0a486e2b-c76f-4f4f-8b8e-c4a6d71a9461","35","BUY","8c8257d0-878a-473e-a9d1-e3e3a73af043","2e22fcab-6896-4999-bcb8-3eae746250c7","999","111","2024-09-26 13:21:45.257","2024-09-30 12:38:56.981","351","8.91"
"33403d79-2eff-4e0a-9fb1-30c2d069c4a5","4e2364e5-6611-4e4f-907b-43923da742f4","19","SELL","8c8257d0-878a-473e-a9d1-e3e3a73af043","2e22fcab-6896-4999-bcb8-3eae746250c7","130","10","2024-09-27 16:17:18.987","2024-09-30 05:50:18.509","373","12.91"
"3348ac81-217b-4531-97a3-f3ec361c7808","785f39c4-0c76-4730-a663-e68df8e16bde","3","SELL","8c8257d0-878a-473e-a9d1-e3e3a73af043","9aecf87c-0b29-4cfb-ac11-8ed2d3bfb28d","130","10","2024-09-30 04:56:58.801","2024-09-30 04:56:58.801","94","12.99"
"33c389f3-845a-417a-a6a0-c0f3cb13907b","ffe8da22-a1f3-4722-bfea-2a6b530620dc","24","BUY","026bb992-ae5f-4e05-9081-7e927ff1d472","4bb6ed3f-0c39-4bf2-84e6-bffeb42c110a","6603","102","2024-09-25 14:47:51.677","2024-09-30 12:38:56.981","102","64.74"
"360817bc-8681-469f-871f-966eaaa1b688","785f39c4-0c76-4730-a663-e68df8e16bde","30","SELL","8c8257d0-878a-473e-a9d1-e3e3a73af043","9aecf87c-0b29-4cfb-ac11-8ed2d3bfb28d","130","10","2024-09-29 19:56:43.297","2024-09-30 12:38:56.981","187","12.99"
"36cc77a9-9b9b-42d5-8572-8bcc33005755","785f39c4-0c76-4730-a663-e68df8e16bde","11","SELL","c331abe1-e7aa-4d31-9f10-11b98219cb66","f0f9c94d-1cdd-4f05-a5aa-cd93470b1f11","114","2","2024-09-26 07:10:54.191","2024-09-30 05:50:18.509","446","57.32"
"36f88c35-caf0-4d51-a3a7-d9de97aba012","785f39c4-0c76-4730-a663-e68df8e16bde","64","SELL","8c8257d0-878a-473e-a9d1-e3e3a73af043","513ccec2-2702-455c-8e17-caac1cdb996b","260","20","2024-09-26 18:45:46.962","2024-09-30 12:38:56.981","220","12.98"
"377fa6c2-c2d3-485d-a706-c0abbe93c954","785f39c4-0c76-4730-a663-e68df8e16bde","22","SELL","8c8257d0-878a-473e-a9d1-e3e3a73af043","9aecf87c-0b29-4cfb-ac11-8ed2d3bfb28d","215","17","2024-09-28 17:35:52.182","2024-09-30 12:38:56.981","11","12.93"
"37c462e8-1abb-4688-b3b5-cac2671a90c4","785f39c4-0c76-4730-a663-e68df8e16bde","6","SELL","8c8257d0-878a-473e-a9d1-e3e3a73af043","c48bb4c9-b68b-4bb0-b0e7-ca68b700e4ae","260","20","2024-09-29 10:02:01.536","2024-09-29 10:02:01.536","73","12.99"
"3845a58d-2ff9-46a6-b3a3-4fa434e8caca","785f39c4-0c76-4730-a663-e68df8e16bde","22","SELL","8c8257d0-878a-473e-a9d1-e3e3a73af043","9aecf87c-0b29-4cfb-ac11-8ed2d3bfb28d","260","20","2024-09-29 19:53:10.373","2024-09-30 12:38:56.981","300","12.99"
"390cdc6e-45ff-4eda-85c5-30a42afe1da7","4e2364e5-6611-4e4f-907b-43923da742f4","5","SELL","8c8257d0-878a-473e-a9d1-e3e3a73af043","2e22fcab-6896-4999-bcb8-3eae746250c7","221","17","2024-09-29 09:03:03.85","2024-09-29 09:03:03.85","343","12.99"
"395f27af-5a97-4e08-9569-bdb6ce79df57","785f39c4-0c76-4730-a663-e68df8e16bde","36","SELL","8c8257d0-878a-473e-a9d1-e3e3a73af043","9aecf87c-0b29-4cfb-ac11-8ed2d3bfb28d","155","12","2024-09-25 17:02:31.059","2024-09-30 12:38:56.981","46","13.01"
"397582d0-8574-42bd-94ba-12d79bd42f1c","0a486e2b-c76f-4f4f-8b8e-c4a6d71a9461","23","BUY","8c8257d0-878a-473e-a9d1-e3e3a73af043","2e22fcab-6896-4999-bcb8-3eae746250c7","913","102","2024-09-28 18:22:02.574","2024-09-30 12:38:56.981","218","8.83"
"39d63d00-7aff-40eb-b695-441f4a46455c","785f39c4-0c76-4730-a663-e68df8e16bde","15","SELL","8c8257d0-878a-473e-a9d1-e3e3a73af043","9aecf87c-0b29-4cfb-ac11-8ed2d3bfb28d","1860","145","2024-09-27 14:56:22.981","2024-09-30 05:50:18.509","57","12.92"
"3a107b93-27bb-4d09-9ebd-90e2039fee62","785f39c4-0c76-4730-a663-e68df8e16bde","14","SELL","8c8257d0-878a-473e-a9d1-e3e3a73af043","9aecf87c-0b29-4cfb-ac11-8ed2d3bfb28d","444","35","2024-09-27 13:53:05.536","2024-09-30 05:50:18.509","202","12.93"
"3b8e616c-c2de-4e63-a9e4-b70fa750d9cc","4e2364e5-6611-4e4f-907b-43923da742f4","24","SELL","8c8257d0-878a-473e-a9d1-e3e3a73af043","2e22fcab-6896-4999-bcb8-3eae746250c7","140","11","2024-09-28 18:27:36.608","2024-09-30 12:38:56.981","207","12.93"
"3b9d0684-b9ab-4bc4-b95e-6bdd961d670e","4e2364e5-6611-4e4f-907b-43923da742f4","25","SELL","8c8257d0-878a-473e-a9d1-e3e3a73af043","2e22fcab-6896-4999-bcb8-3eae746250c7","130","10","2024-09-26 12:16:06.737","2024-09-30 12:38:56.981","178","12.98"
"3ce05cbb-1c63-4f22-8750-a9c830d2d3d3","0a486e2b-c76f-4f4f-8b8e-c4a6d71a9461","15","BUY","8c8257d0-878a-473e-a9d1-e3e3a73af043","513ccec2-2702-455c-8e17-caac1cdb996b","1718","203","2024-09-26 09:30:44.806","2024-09-30 05:50:18.509","362","8.46"
"3db9c185-36e5-4054-abbe-ae150eec81d2","4e2364e5-6611-4e4f-907b-43923da742f4","7","SELL","8c8257d0-878a-473e-a9d1-e3e3a73af043","2e22fcab-6896-4999-bcb8-3eae746250c7","390","30","2024-09-28 06:59:11.281","2024-09-30 05:50:18.509","167","12.93"
"3dd87c89-6ee1-4df0-a6ad-a09dc6614884","708673fd-51aa-4253-8c4f-8f13c2f3c70c","51","SELL","8c8257d0-878a-473e-a9d1-e3e3a73af043","c48bb4c9-b68b-4bb0-b0e7-ca68b700e4ae","680","53","2024-09-25 20:05:46.13","2024-09-30 12:38:56.981","244","12.98"
"3e8a586f-af3d-403f-9abd-04c5c5d3adb5","785f39c4-0c76-4730-a663-e68df8e16bde","2","SELL","8c8257d0-878a-473e-a9d1-e3e3a73af043","9aecf87c-0b29-4cfb-ac11-8ed2d3bfb28d","130","10","2024-09-30 04:52:03.064","2024-09-30 04:52:03.064","104","12.99"
"3ebbe772-c771-4c3a-b10a-7c6c79dbd94e","0a486e2b-c76f-4f4f-8b8e-c4a6d71a9461","65","BUY","8c8257d0-878a-473e-a9d1-e3e3a73af043","9aecf87c-0b29-4cfb-ac11-8ed2d3bfb28d","1115","126","2024-09-26 19:04:51.099","2024-09-30 12:38:56.981","144","8.91"
"3f2f49a5-33dc-4b43-97c3-72c145ec7698","785f39c4-0c76-4730-a663-e68df8e16bde","10","BUY","8c8257d0-878a-473e-a9d1-e3e3a73af043","9aecf87c-0b29-4cfb-ac11-8ed2d3bfb28d","1","7","2024-09-30 08:02:48.102","2024-09-30 08:02:48.102","30","8.43"
"411fe1d1-af15-4096-87e7-7cbc8bc28b44","ffe8da22-a1f3-4722-bfea-2a6b530620dc","7","BUY","16dc607d-b4b3-4744-a148-7f035e889288","ff69c084-d0dc-411b-bb1e-3e9ad0db7af2","29174","1303","2024-09-25 09:43:04.31","2024-09-30 05:50:18.509","1303","22.39"
"4136d33b-02dd-4c88-92c1-559e73c52d67","708673fd-51aa-4253-8c4f-8f13c2f3c70c","50","SELL","8c8257d0-878a-473e-a9d1-e3e3a73af043","c48bb4c9-b68b-4bb0-b0e7-ca68b700e4ae","950","73","2024-09-25 20:05:19.849","2024-09-30 12:38:56.981","297","13.00"
"4158d2bd-8b3f-45a4-9615-acb03bbb7a82","785f39c4-0c76-4730-a663-e68df8e16bde","15","SELL","8c8257d0-878a-473e-a9d1-e3e3a73af043","9aecf87c-0b29-4cfb-ac11-8ed2d3bfb28d","130","10","2024-09-29 13:06:23.425","2024-09-30 05:50:18.509","304","12.99"
"41a3b4c3-aaf7-4d02-9926-d5ff23386fb7","785f39c4-0c76-4730-a663-e68df8e16bde","9","SELL","8c8257d0-878a-473e-a9d1-e3e3a73af043","9aecf87c-0b29-4cfb-ac11-8ed2d3bfb28d","325","25","2024-09-27 12:18:36.601","2024-09-30 05:50:18.509","274","12.93"
"42bbc2e3-4e69-4e20-a1f9-0ffa96114d7c","785f39c4-0c76-4730-a663-e68df8e16bde","9","SELL","c331abe1-e7aa-4d31-9f10-11b98219cb66","f0f9c94d-1cdd-4f05-a5aa-cd93470b1f11","1020","18","2024-09-26 07:00:16.745","2024-09-30 05:50:18.509","448","57.33"
"43186a0f-9002-48da-b372-f6cdffe9f411","4e2364e5-6611-4e4f-907b-43923da742f4","3","SELL","8c8257d0-878a-473e-a9d1-e3e3a73af043","2e22fcab-6896-4999-bcb8-3eae746250c7","222","17","2024-09-28 06:33:00.963","2024-09-28 06:33:00.963","234","12.92"
"43515942-4eeb-4aff-b317-c4bd8f638c6e","785f39c4-0c76-4730-a663-e68df8e16bde","57","SELL","c331abe1-e7aa-4d31-9f10-11b98219cb66","f0f9c94d-1cdd-4f05-a5aa-cd93470b1f11","200","3","2024-09-26 16:50:11.262","2024-09-30 12:38:56.981","507","58.00"
"44e02fe4-acfa-45f3-a62a-9951bf40c3a3","785f39c4-0c76-4730-a663-e68df8e16bde","28","SELL","8c8257d0-878a-473e-a9d1-e3e3a73af043","c48bb4c9-b68b-4bb0-b0e7-ca68b700e4ae","130","10","2024-09-28 18:53:41.294","2024-09-30 12:38:56.981","205","12.93"
"45dbc978-b57a-441d-9dcd-33330e009ae0","708673fd-51aa-4253-8c4f-8f13c2f3c70c","46","SELL","8c8257d0-878a-473e-a9d1-e3e3a73af043","c48bb4c9-b68b-4bb0-b0e7-ca68b700e4ae","221","17","2024-09-25 19:11:02.776","2024-09-30 12:38:56.981","104","13.01"
"46447da5-6a32-49ef-8d23-7ddffc46ece4","708673fd-51aa-4253-8c4f-8f13c2f3c70c","54","SELL","8c8257d0-878a-473e-a9d1-e3e3a73af043","c48bb4c9-b68b-4bb0-b0e7-ca68b700e4ae","195","15","2024-09-25 20:07:04.69","2024-09-30 12:38:56.981","172","12.97"
"47494a59-d80a-4bcd-abf3-e3bc370459f5","785f39c4-0c76-4730-a663-e68df8e16bde","16","SELL","8c8257d0-878a-473e-a9d1-e3e3a73af043","9aecf87c-0b29-4cfb-ac11-8ed2d3bfb28d","130","10","2024-09-29 13:25:10.397","2024-09-30 05:50:18.509","294","12.99"
"4783a954-34cd-46db-b98b-194f6967ad7b","4e2364e5-6611-4e4f-907b-43923da742f4","10","SELL","8c8257d0-878a-473e-a9d1-e3e3a73af043","2e22fcab-6896-4999-bcb8-3eae746250c7","666","51","2024-09-28 09:25:49.458","2024-09-30 05:50:18.509","116","12.93"
"47d01fcb-fd32-4ce4-bce7-0c045568c813","785f39c4-0c76-4730-a663-e68df8e16bde","6","SELL","8c8257d0-878a-473e-a9d1-e3e3a73af043","9aecf87c-0b29-4cfb-ac11-8ed2d3bfb28d","130","10","2024-09-30 05:50:39.549","2024-09-30 05:50:39.549","60","12.99"
"49300ca5-5df6-478d-b260-0673351a9dbd","785f39c4-0c76-4730-a663-e68df8e16bde","36","SELL","8c8257d0-878a-473e-a9d1-e3e3a73af043","9aecf87c-0b29-4cfb-ac11-8ed2d3bfb28d","130","10","2024-09-26 13:24:39.861","2024-09-30 12:38:56.981","193","12.98"
"496d526f-4ce9-4a92-8744-ea24406cf13d","24b5aef6-9ed2-4a75-ad69-afa805d17749","69","SELL","8c8257d0-878a-473e-a9d1-e3e3a73af043","9aecf87c-0b29-4cfb-ac11-8ed2d3bfb28d","260","19","2024-09-26 21:37:46.577","2024-09-30 12:38:56.981","125","13.68"
"49a5c427-b8c0-4945-be23-63b9afc62d79","785f39c4-0c76-4730-a663-e68df8e16bde","50","SELL","c18c0ba0-0833-46d4-91cb-4239dfa99618","3a15ea2f-ac58-4668-97aa-7f71e2c04a53","215","5","2024-09-26 16:08:06.58","2024-09-30 12:38:56.981","473","44.19"
"4a2e9761-7df3-4def-9041-a59e858b97e5","785f39c4-0c76-4730-a663-e68df8e16bde","48","SELL","8c8257d0-878a-473e-a9d1-e3e3a73af043","2e22fcab-6896-4999-bcb8-3eae746250c7","190","15","2024-09-25 19:17:50.014","2024-09-30 12:38:56.981","215","13.00"
"4aebd754-081c-4216-8aeb-9b16b10a98ce","785f39c4-0c76-4730-a663-e68df8e16bde","39","SELL","8c8257d0-878a-473e-a9d1-e3e3a73af043","9aecf87c-0b29-4cfb-ac11-8ed2d3bfb28d","130","10","2024-09-25 17:31:06.62","2024-09-30 12:38:56.981","21","13.03"
"4b0c8f5c-bc64-421b-a6b2-9d604c06b1e6","785f39c4-0c76-4730-a663-e68df8e16bde","8","SELL","8c8257d0-878a-473e-a9d1-e3e3a73af043","2e22fcab-6896-4999-bcb8-3eae746250c7","221","17","2024-09-26 05:53:36.122","2024-09-30 05:50:18.509","129","12.97"
"4bbb2a75-98f9-4d5e-88ba-b50707f0cc4b","785f39c4-0c76-4730-a663-e68df8e16bde","34","SELL","8c8257d0-878a-473e-a9d1-e3e3a73af043","9aecf87c-0b29-4cfb-ac11-8ed2d3bfb28d","130","10","2024-09-26 13:17:15.479","2024-09-30 12:38:56.981","203","12.98"
"4c1f223a-eca2-4dc5-b9cb-940f628645e3","785f39c4-0c76-4730-a663-e68df8e16bde","14","SELL","8c8257d0-878a-473e-a9d1-e3e3a73af043","c48bb4c9-b68b-4bb0-b0e7-ca68b700e4ae","250","19","2024-09-29 12:44:21.58","2024-09-30 05:50:18.509","17","12.99"
"509514ee-b15d-4567-976f-3c0b4e58e2b8","785f39c4-0c76-4730-a663-e68df8e16bde","42","SELL","8c8257d0-878a-473e-a9d1-e3e3a73af043","9aecf87c-0b29-4cfb-ac11-8ed2d3bfb28d","325","25","2024-09-26 14:45:50.033","2024-09-30 12:38:56.981","156","12.98"
"51c59a39-8ccc-4e9e-9150-55ff7bcfe1c5","0a486e2b-c76f-4f4f-8b8e-c4a6d71a9461","32","BUY","8c8257d0-878a-473e-a9d1-e3e3a73af043","2e22fcab-6896-4999-bcb8-3eae746250c7","822","102","2024-09-28 19:47:24.785","2024-09-30 12:38:56.981","382","8.82"
"545ab873-14c4-4538-8dd5-3bc42730072c","785f39c4-0c76-4730-a663-e68df8e16bde","19","SELL","8c8257d0-878a-473e-a9d1-e3e3a73af043","9aecf87c-0b29-4cfb-ac11-8ed2d3bfb28d","130","10","2024-09-30 12:14:23.249","2024-09-30 12:14:23.249","146","12.99"
"554390ff-8552-4d59-aba7-691410a70da4","785f39c4-0c76-4730-a663-e68df8e16bde","18","SELL","8c8257d0-878a-473e-a9d1-e3e3a73af043","9aecf87c-0b29-4cfb-ac11-8ed2d3bfb28d","260","20","2024-09-29 13:44:07.536","2024-09-30 05:50:18.509","224","12.99"
"55c8d07e-342f-4bd6-813e-2e10fea15874","708673fd-51aa-4253-8c4f-8f13c2f3c70c","44","SELL","8c8257d0-878a-473e-a9d1-e3e3a73af043","2e22fcab-6896-4999-bcb8-3eae746250c7","152","12","2024-09-25 19:05:18.532","2024-09-30 12:38:56.981","230","13.01"
"56c10b47-9eba-4dac-b15e-9b900bf9211f","785f39c4-0c76-4730-a663-e68df8e16bde","49","SELL","c331abe1-e7aa-4d31-9f10-11b98219cb66","f0f9c94d-1cdd-4f05-a5aa-cd93470b1f11","190","3","2024-09-26 16:07:36.252","2024-09-30 12:38:56.981","511","57.81"
"59300338-3558-485f-8c04-67389305c546","785f39c4-0c76-4730-a663-e68df8e16bde","2","SELL","c18c0ba0-0833-46d4-91cb-4239dfa99618","3a15ea2f-ac58-4668-97aa-7f71e2c04a53","129","3","2024-09-26 04:51:24.616","2024-09-26 04:51:24.616","456","43.77"
"5978076a-4c9f-4748-b82c-c812415636f9","0a486e2b-c76f-4f4f-8b8e-c4a6d71a9461","30","BUY","8c8257d0-878a-473e-a9d1-e3e3a73af043","9aecf87c-0b29-4cfb-ac11-8ed2d3bfb28d","2019","230","2024-09-27 20:29:26.968","2024-09-30 12:38:56.981","268","8.78"
"5b3a4397-02dd-45f2-a201-5c8afffe0700","785f39c4-0c76-4730-a663-e68df8e16bde","58","SELL","8c8257d0-878a-473e-a9d1-e3e3a73af043","9aecf87c-0b29-4cfb-ac11-8ed2d3bfb28d","260","20","2024-09-26 17:04:43.517","2024-09-30 12:38:56.981","18","12.99"
"5bccb95c-0011-41b0-828d-54631520435e","785f39c4-0c76-4730-a663-e68df8e16bde","30","SELL","c18c0ba0-0833-46d4-91cb-4239dfa99618","3a15ea2f-ac58-4668-97aa-7f71e2c04a53","129","3","2024-09-25 15:37:22.631","2024-09-30 12:38:56.981","472","44.21"
"5d830554-af7d-4e29-a4d8-12eae3d9fd34","708673fd-51aa-4253-8c4f-8f13c2f3c70c","56","SELL","8c8257d0-878a-473e-a9d1-e3e3a73af043","c48bb4c9-b68b-4bb0-b0e7-ca68b700e4ae","390","30","2024-09-25 20:07:42.543","2024-09-30 12:38:56.981","117","12.97"
"5e5fed67-9272-4578-abf3-8157d0edb2a8","24b5aef6-9ed2-4a75-ad69-afa805d17749","10","SELL","c18c0ba0-0833-46d4-91cb-4239dfa99618","3a15ea2f-ac58-4668-97aa-7f71e2c04a53","43","1","2024-09-25 10:16:08.504","2024-09-30 05:50:18.509","487","42.93"
"60e90cd7-6bd1-4bba-9f49-8776377d86a8","785f39c4-0c76-4730-a663-e68df8e16bde","38","SELL","c18c0ba0-0833-46d4-91cb-4239dfa99618","3a15ea2f-ac58-4668-97aa-7f71e2c04a53","145","3","2024-09-26 13:42:38.645","2024-09-30 12:38:56.981","451","43.86"
"62362f2f-177a-4375-89b0-9fcc39c5b442","785f39c4-0c76-4730-a663-e68df8e16bde","25","SELL","8c8257d0-878a-473e-a9d1-e3e3a73af043","9aecf87c-0b29-4cfb-ac11-8ed2d3bfb28d","180","14","2024-09-27 18:02:20.695","2024-09-30 12:38:56.981","79","12.92"
"623ba5d7-f8a3-48b3-9555-848a3d144ae9","785f39c4-0c76-4730-a663-e68df8e16bde","20","SELL","8c8257d0-878a-473e-a9d1-e3e3a73af043","9aecf87c-0b29-4cfb-ac11-8ed2d3bfb28d","442","34","2024-09-28 17:20:46.051","2024-09-30 05:50:18.509","55","12.93"
"637734c1-663f-48e1-a3ad-fcfaee909c76","4e2364e5-6611-4e4f-907b-43923da742f4","3","SELL","8c8257d0-878a-473e-a9d1-e3e3a73af043","2e22fcab-6896-4999-bcb8-3eae746250c7","221","17","2024-09-27 07:39:34.76","2024-09-27 07:39:34.76","292","12.98"
"63a13eab-5a39-443f-936f-54bb25849735","785f39c4-0c76-4730-a663-e68df8e16bde","45","BUY","c18c0ba0-0833-46d4-91cb-4239dfa99618","3a15ea2f-ac58-4668-97aa-7f71e2c04a53","585","15","2024-09-26 15:08:46.105","2024-09-30 12:38:56.981","478","39.97"
"6466ab07-ba5b-44ec-8fac-7914ed9884ab","785f39c4-0c76-4730-a663-e68df8e16bde","27","SELL","8c8257d0-878a-473e-a9d1-e3e3a73af043","9aecf87c-0b29-4cfb-ac11-8ed2d3bfb28d","200","16","2024-09-27 18:28:05.154","2024-09-30 12:38:56.981","38","12.92"
"64c1679e-25c0-4c27-844d-285f8e6514ad","785f39c4-0c76-4730-a663-e68df8e16bde","40","SELL","8c8257d0-878a-473e-a9d1-e3e3a73af043","513ccec2-2702-455c-8e17-caac1cdb996b","390","30","2024-09-25 18:06:44","2024-09-30 12:38:56.981","159","13.02"
"64e27956-5ebc-4b64-9bd4-72e262e17def","4e2364e5-6611-4e4f-907b-43923da742f4","22","SELL","c331abe1-e7aa-4d31-9f10-11b98219cb66","f0f9c94d-1cdd-4f05-a5aa-cd93470b1f11","110","2","2024-09-26 10:56:23.878","2024-09-30 05:50:18.509","514","57.25"
"65adffec-9a59-4f1f-8d54-d802ae3da8a9","0a486e2b-c76f-4f4f-8b8e-c4a6d71a9461","22","BUY","8c8257d0-878a-473e-a9d1-e3e3a73af043","2e22fcab-6896-4999-bcb8-3eae746250c7","1857","223","2024-09-26 11:30:28.241","2024-09-30 12:38:56.981","235","8.89"
"65d99dd5-2df7-418d-89a5-2c8258937f6d","785f39c4-0c76-4730-a663-e68df8e16bde","2","SELL","8c8257d0-878a-473e-a9d1-e3e3a73af043","513ccec2-2702-455c-8e17-caac1cdb996b","221","17","2024-09-27 06:28:24.27","2024-09-27 06:28:24.27","108","12.98"
"65ec2b01-1dea-443b-bac9-30c79832289d","0a486e2b-c76f-4f4f-8b8e-c4a6d71a9461","31","BUY","c331abe1-e7aa-4d31-9f10-11b98219cb66","f0f9c94d-1cdd-4f05-a5aa-cd93470b1f11","572","11","2024-09-27 20:49:57.806","2024-09-30 12:38:56.981","517","53.35"
"674937d1-f4b8-4198-98a9-3f6212b10550","24b5aef6-9ed2-4a75-ad69-afa805d17749","5","SELL","8c8257d0-878a-473e-a9d1-e3e3a73af043","513ccec2-2702-455c-8e17-caac1cdb996b","390","30","2024-09-25 09:38:24.94","2024-09-25 09:38:24.94","70","13.00"
"679d7b97-38bd-4171-a228-a68f31d1c5bf","4e2364e5-6611-4e4f-907b-43923da742f4","33","SELL","8c8257d0-878a-473e-a9d1-e3e3a73af043","2e22fcab-6896-4999-bcb8-3eae746250c7","110","7","2024-09-28 21:05:24.986","2024-09-30 12:38:56.981","375","12.94"
"67a098cd-cc2a-461a-82e4-c99f9b047aff","4e2364e5-6611-4e4f-907b-43923da742f4","26","SELL","8c8257d0-878a-473e-a9d1-e3e3a73af043","2e22fcab-6896-4999-bcb8-3eae746250c7","455","35","2024-09-30 15:03:08.301","2024-09-30 15:03:08.301","267","13.00"
"68b946af-fddd-409d-b260-2ca21a723441","785f39c4-0c76-4730-a663-e68df8e16bde","9","SELL","8c8257d0-878a-473e-a9d1-e3e3a73af043","c48bb4c9-b68b-4bb0-b0e7-ca68b700e4ae","117","9","2024-09-29 11:35:40.934","2024-09-30 05:50:18.509","76","12.99"
"690ef94d-ce9e-4a5e-bb42-2e7c7f4f19ff","0a486e2b-c76f-4f4f-8b8e-c4a6d71a9461","34","BUY","8c8257d0-878a-473e-a9d1-e3e3a73af043","45b49cb2-e84a-4aea-b5da-ff2c8950854d","680","6","2024-09-28 21:51:56.176","2024-09-30 12:38:56.981","6","8.97"
"6abdc962-5977-4b32-a96f-79eca7eb3b27","785f39c4-0c76-4730-a663-e68df8e16bde","23","SELL","8c8257d0-878a-473e-a9d1-e3e3a73af043","9aecf87c-0b29-4cfb-ac11-8ed2d3bfb28d","125","10","2024-09-27 16:49:11.927","2024-09-30 12:38:56.981","113","12.92"
"6abf8e6e-e366-4a39-a08a-25b59b10b519","4e2364e5-6611-4e4f-907b-43923da742f4","8","SELL","c331abe1-e7aa-4d31-9f10-11b98219cb66","f0f9c94d-1cdd-4f05-a5aa-cd93470b1f11","55","1","2024-09-27 11:59:49.279","2024-09-30 05:50:18.509","506","58.34"
"6d03abc5-86d9-4cd9-a288-4430a12a2b7b","785f39c4-0c76-4730-a663-e68df8e16bde","28","SELL","8c8257d0-878a-473e-a9d1-e3e3a73af043","9aecf87c-0b29-4cfb-ac11-8ed2d3bfb28d","125","10","2024-09-29 19:55:33.039","2024-09-30 12:38:56.981","209","12.99"
"6ee4cb3c-91fa-4f2a-9270-9f3bde3007f4","785f39c4-0c76-4730-a663-e68df8e16bde","12","SELL","8c8257d0-878a-473e-a9d1-e3e3a73af043","9aecf87c-0b29-4cfb-ac11-8ed2d3bfb28d","176","13","2024-09-30 09:48:39.668","2024-09-30 09:48:39.668","221","12.99"
"6ef4d836-ecfa-45ad-a3b3-f0da3b09ab46","4e2364e5-6611-4e4f-907b-43923da742f4","19","SELL","c331abe1-e7aa-4d31-9f10-11b98219cb66","f0f9c94d-1cdd-4f05-a5aa-cd93470b1f11","153","2","2024-09-25 13:19:20.929","2024-09-30 05:50:18.509","497","56.01"
"6f11c491-16cc-485c-9990-59eba967c614","785f39c4-0c76-4730-a663-e68df8e16bde","9","SELL","8c8257d0-878a-473e-a9d1-e3e3a73af043","9aecf87c-0b29-4cfb-ac11-8ed2d3bfb28d","650","50","2024-09-28 09:17:41.535","2024-09-30 05:50:18.509","210","12.92"
"6f7e948a-9551-4535-8763-6578772d507c","785f39c4-0c76-4730-a663-e68df8e16bde","52","SELL","8c8257d0-878a-473e-a9d1-e3e3a73af043","9aecf87c-0b29-4cfb-ac11-8ed2d3bfb28d","130","10","2024-09-26 16:42:57.573","2024-09-30 12:38:56.981","114","12.98"
"70666d67-ef87-43a6-b107-b10a68c85463","0a486e2b-c76f-4f4f-8b8e-c4a6d71a9461","13","BUY","8c8257d0-878a-473e-a9d1-e3e3a73af043","c48bb4c9-b68b-4bb0-b0e7-ca68b700e4ae","1835","203","2024-09-26 08:54:57.637","2024-09-30 05:50:18.509","374","9.01"
"7132e2b5-e612-4468-a171-ad07e73e71de","785f39c4-0c76-4730-a663-e68df8e16bde","13","SELL","8c8257d0-878a-473e-a9d1-e3e3a73af043","9aecf87c-0b29-4cfb-ac11-8ed2d3bfb28d","260","20","2024-09-28 10:47:49.297","2024-09-30 05:50:18.509","171","12.93"
"744feece-0a4a-467c-82dd-c6d6637758dd","785f39c4-0c76-4730-a663-e68df8e16bde","12","SELL","8c8257d0-878a-473e-a9d1-e3e3a73af043","2e22fcab-6896-4999-bcb8-3eae746250c7","221","17","2024-09-26 07:54:55.811","2024-09-30 05:50:18.509","71","12.97"
"74a427c6-6077-48d2-afba-0888007c9b8f","785f39c4-0c76-4730-a663-e68df8e16bde","33","SELL","8c8257d0-878a-473e-a9d1-e3e3a73af043","9aecf87c-0b29-4cfb-ac11-8ed2d3bfb28d","130","10","2024-09-30 17:48:42.949","2024-09-30 17:48:42.949","238","13.00"
"753fb5d8-9e34-456f-a215-e94a2d0eede0","785f39c4-0c76-4730-a663-e68df8e16bde","21","SELL","8c8257d0-878a-473e-a9d1-e3e3a73af043","9aecf87c-0b29-4cfb-ac11-8ed2d3bfb28d","215","17","2024-09-28 17:35:08.358","2024-09-30 05:50:18.509","38","12.93"
"75a459d8-781a-41af-a3ce-60dfd2cf6719","785f39c4-0c76-4730-a663-e68df8e16bde","22","SELL","c331abe1-e7aa-4d31-9f10-11b98219cb66","f0f9c94d-1cdd-4f05-a5aa-cd93470b1f11","250","4","2024-09-25 13:56:20.831","2024-09-30 12:38:56.981","492","57.76"
"76a59a53-d6e4-4d2c-8b40-8b7ed30d42c8","785f39c4-0c76-4730-a663-e68df8e16bde","11","SELL","8c8257d0-878a-473e-a9d1-e3e3a73af043","c48bb4c9-b68b-4bb0-b0e7-ca68b700e4ae","125","10","2024-09-29 12:41:48.382","2024-09-30 05:50:18.509","66","12.99"
"76ae86b3-2537-485d-a866-421aaace17c3","785f39c4-0c76-4730-a663-e68df8e16bde","32","SELL","8c8257d0-878a-473e-a9d1-e3e3a73af043","9aecf87c-0b29-4cfb-ac11-8ed2d3bfb28d","130","10","2024-09-25 16:11:57.595","2024-09-30 12:38:56.981","117","13.02"
"77caf30d-2b14-4853-8fbd-193e36ffb2db","785f39c4-0c76-4730-a663-e68df8e16bde","5","SELL","8c8257d0-878a-473e-a9d1-e3e3a73af043","9aecf87c-0b29-4cfb-ac11-8ed2d3bfb28d","180","14","2024-09-30 05:49:12.342","2024-09-30 05:49:12.342","70","12.99"
"7975da7b-13fc-4a23-a128-5c73d4d97879","0a486e2b-c76f-4f4f-8b8e-c4a6d71a9461","28","BUY","8c8257d0-878a-473e-a9d1-e3e3a73af043","513ccec2-2702-455c-8e17-caac1cdb996b","3628","405","2024-09-27 18:47:40.787","2024-09-30 12:38:56.981","411","8.83"
"7adc8a5b-056e-470f-bcb7-46dedf82abd5","ffe8da22-a1f3-4722-bfea-2a6b530620dc","2","BUY","8c8257d0-878a-473e-a9d1-e3e3a73af043","9aecf87c-0b29-4cfb-ac11-8ed2d3bfb28d","1815","195","2024-09-25 09:35:30.901","2024-09-25 09:35:30.901","195","9.31"
"7b989640-a791-4db2-8761-761bd77a7387","ffe8da22-a1f3-4722-bfea-2a6b530620dc","6","BUY","c18c0ba0-0833-46d4-91cb-4239dfa99618","3a15ea2f-ac58-4668-97aa-7f71e2c04a53","19650","490","2024-09-25 09:41:02.435","2024-09-25 09:41:02.435","490","40.10"
"7babc8cb-0780-4c03-8493-27013e41ab30","0a486e2b-c76f-4f4f-8b8e-c4a6d71a9461","10","BUY","8c8257d0-878a-473e-a9d1-e3e3a73af043","9aecf87c-0b29-4cfb-ac11-8ed2d3bfb28d","2415","303","2024-09-29 11:46:42.159","2024-09-30 20:50:22.481","238","7.97"
"7cb7cfa8-b86b-4533-b2f8-cd460ab4ec61","0a486e2b-c76f-4f4f-8b8e-c4a6d71a9461","11","BUY","8c8257d0-878a-473e-a9d1-e3e3a73af043","9aecf87c-0b29-4cfb-ac11-8ed2d3bfb28d","1635","204","2024-09-30 08:58:38.38","2024-09-30 08:58:38.38","234","8.42"
"7cda1232-fc4a-48e2-b5a5-4d09d4eeb6f1","785f39c4-0c76-4730-a663-e68df8e16bde","14","SELL","8c8257d0-878a-473e-a9d1-e3e3a73af043","9aecf87c-0b29-4cfb-ac11-8ed2d3bfb28d","351","27","2024-09-28 12:14:16.087","2024-09-30 05:50:18.509","144","12.93"
"7e35278c-62ed-43e8-996b-6499b70b8d27","785f39c4-0c76-4730-a663-e68df8e16bde","18","SELL","8c8257d0-878a-473e-a9d1-e3e3a73af043","c48bb4c9-b68b-4bb0-b0e7-ca68b700e4ae","260","20","2024-09-26 10:31:03.485","2024-09-30 05:50:18.509","354","12.97"
"7fd2ad4c-385e-462e-b985-e77360116db7","785f39c4-0c76-4730-a663-e68df8e16bde","43","SELL","c18c0ba0-0833-46d4-91cb-4239dfa99618","3a15ea2f-ac58-4668-97aa-7f71e2c04a53","100","2","2024-09-26 14:56:46.559","2024-09-30 12:38:56.981","463","44.07"
"80cb9ecb-3bc0-4ab6-b9de-ffc69679ef51","785f39c4-0c76-4730-a663-e68df8e16bde","29","SELL","8c8257d0-878a-473e-a9d1-e3e3a73af043","9aecf87c-0b29-4cfb-ac11-8ed2d3bfb28d","650","50","2024-09-30 16:57:10.263","2024-09-30 16:57:10.263","300","13.00"
"80f6e3e8-a8e1-48aa-8de2-9b66d5476688","0a486e2b-c76f-4f4f-8b8e-c4a6d71a9461","6","BUY","8c8257d0-878a-473e-a9d1-e3e3a73af043","c48bb4c9-b68b-4bb0-b0e7-ca68b700e4ae","822","102","2024-09-29 10:46:25.249","2024-09-30 05:50:18.509","76","8.06"
"81a7b97b-e06f-4189-a511-56ade4f7e311","785f39c4-0c76-4730-a663-e68df8e16bde","16","SELL","8c8257d0-878a-473e-a9d1-e3e3a73af043","9aecf87c-0b29-4cfb-ac11-8ed2d3bfb28d","130","10","2024-09-30 11:44:43.697","2024-09-30 11:44:43.697","166","12.99"
"8202d70f-ae62-4451-8c44-8a30142a4e4e","785f39c4-0c76-4730-a663-e68df8e16bde","13","SELL","8c8257d0-878a-473e-a9d1-e3e3a73af043","9aecf87c-0b29-4cfb-ac11-8ed2d3bfb28d","130","10","2024-09-27 13:52:36.318","2024-09-30 05:50:18.509","237","12.93"
"82b5a84e-b037-4768-9c8c-e5f765150033","24b5aef6-9ed2-4a75-ad69-afa805d17749","28","SELL","8c8257d0-878a-473e-a9d1-e3e3a73af043","9aecf87c-0b29-4cfb-ac11-8ed2d3bfb28d","260","20","2024-09-30 16:28:50.918","2024-09-30 17:34:58.706","248","13.00"
"8318cb03-4637-446d-916f-113508abe579","0a486e2b-c76f-4f4f-8b8e-c4a6d71a9461","16","BUY","c331abe1-e7aa-4d31-9f10-11b98219cb66","f0f9c94d-1cdd-4f05-a5aa-cd93470b1f11","3645","70","2024-09-26 09:44:16.086","2024-09-30 05:50:18.509","516","53.41"
"8429994e-63c2-4619-8bba-f413c6e62534","785f39c4-0c76-4730-a663-e68df8e16bde","13","SELL","8c8257d0-878a-473e-a9d1-e3e3a73af043","9aecf87c-0b29-4cfb-ac11-8ed2d3bfb28d","130","10","2024-09-30 11:07:26.165","2024-09-30 11:07:26.165","211","12.99"
"84c80bb1-a7c0-4a85-a026-8c4d4623975a","4e2364e5-6611-4e4f-907b-43923da742f4","4","SELL","8c8257d0-878a-473e-a9d1-e3e3a73af043","2e22fcab-6896-4999-bcb8-3eae746250c7","222","17","2024-09-28 06:33:50.191","2024-09-28 06:33:50.191","217","12.92"
"850a1039-a734-422b-a754-0f708b8a2db2","785f39c4-0c76-4730-a663-e68df8e16bde","16","SELL","8c8257d0-878a-473e-a9d1-e3e3a73af043","9aecf87c-0b29-4cfb-ac11-8ed2d3bfb28d","210","18","2024-09-27 14:57:19.173","2024-09-30 05:50:18.509","39","12.91"
"8564103f-1dab-41f2-acf6-1d89fdbee9b8","785f39c4-0c76-4730-a663-e68df8e16bde","22","SELL","8c8257d0-878a-473e-a9d1-e3e3a73af043","9aecf87c-0b29-4cfb-ac11-8ed2d3bfb28d","130","10","2024-09-28 17:35:33.394","2024-09-30 05:50:18.509","28","12.93"
"85d746d1-1b18-4c3e-921b-8c7a681a0abf","708673fd-51aa-4253-8c4f-8f13c2f3c70c","57","SELL","8c8257d0-878a-473e-a9d1-e3e3a73af043","c48bb4c9-b68b-4bb0-b0e7-ca68b700e4ae","1300","100","2024-09-25 20:08:07.052","2024-09-30 12:38:56.981","17","12.98"
"85db8468-e281-4c02-88cf-9d25b5400ec0","785f39c4-0c76-4730-a663-e68df8e16bde","18","SELL","8c8257d0-878a-473e-a9d1-e3e3a73af043","9aecf87c-0b29-4cfb-ac11-8ed2d3bfb28d","130","10","2024-09-25 12:49:39.476","2024-09-30 05:50:18.509","185","13.05"
"862cd2a8-46de-4063-9516-2c6e6782d4cc","0a486e2b-c76f-4f4f-8b8e-c4a6d71a9461","4","BUY","8c8257d0-878a-473e-a9d1-e3e3a73af043","2e22fcab-6896-4999-bcb8-3eae746250c7","749","91","2024-09-27 08:25:38.449","2024-09-27 08:25:38.449","383","8.89"
"87e38795-9039-4170-b3a9-bd5959030a34","4e2364e5-6611-4e4f-907b-43923da742f4","20","SELL","c18c0ba0-0833-46d4-91cb-4239dfa99618","3a15ea2f-ac58-4668-97aa-7f71e2c04a53","86","2","2024-09-26 10:41:35.825","2024-09-30 05:50:18.509","443","44.04"
"89e6e65b-1ac2-4bb8-ba43-e6121089757e","785f39c4-0c76-4730-a663-e68df8e16bde","35","SELL","8c8257d0-878a-473e-a9d1-e3e3a73af043","9aecf87c-0b29-4cfb-ac11-8ed2d3bfb28d","260","20","2024-09-25 16:52:51.483","2024-09-30 12:38:56.981","58","13.01"
"8a9ae211-8c9d-4400-ae35-754156ead230","785f39c4-0c76-4730-a663-e68df8e16bde","26","SELL","8c8257d0-878a-473e-a9d1-e3e3a73af043","c48bb4c9-b68b-4bb0-b0e7-ca68b700e4ae","145","11","2024-09-28 18:52:51.417","2024-09-30 12:38:56.981","225","12.93"
"8d021db6-e0ca-4ef2-a946-2a72269fc8c6","0a486e2b-c76f-4f4f-8b8e-c4a6d71a9461","33","BUY","8c8257d0-878a-473e-a9d1-e3e3a73af043","2e22fcab-6896-4999-bcb8-3eae746250c7","915","101","2024-09-26 13:15:57.198","2024-09-30 12:38:56.981","240","8.91"
"8d22da45-5118-4a3f-a673-f72ce8b626ba","ffe8da22-a1f3-4722-bfea-2a6b530620dc","1","BUY","8c8257d0-878a-473e-a9d1-e3e3a73af043","c48bb4c9-b68b-4bb0-b0e7-ca68b700e4ae","1312","141","2024-09-25 09:34:53.083","2024-09-25 09:34:53.083","141","9.30"
"8e4713a9-b4d7-456b-a279-d95ce6754246","4e2364e5-6611-4e4f-907b-43923da742f4","34","SELL","8c8257d0-878a-473e-a9d1-e3e3a73af043","2e22fcab-6896-4999-bcb8-3eae746250c7","390","30","2024-09-30 17:49:48.57","2024-09-30 17:49:48.57","82","13.00"
"8f96c0c6-a515-4386-afb5-4909e3819dd9","785f39c4-0c76-4730-a663-e68df8e16bde","30","BUY","c331abe1-e7aa-4d31-9f10-11b98219cb66","f0f9c94d-1cdd-4f05-a5aa-cd93470b1f11","676","13","2024-09-26 12:46:25.966","2024-09-30 12:38:56.981","527","53.38"
"90d6200e-0dea-4e1c-bbf4-121a89870295","4e2364e5-6611-4e4f-907b-43923da742f4","23","SELL","8c8257d0-878a-473e-a9d1-e3e3a73af043","2e22fcab-6896-4999-bcb8-3eae746250c7","221","17","2024-09-26 12:14:18.961","2024-09-30 12:38:56.981","218","12.98"
"926f47f8-2281-45f3-a35e-c66f962a7af0","785f39c4-0c76-4730-a663-e68df8e16bde","56","SELL","8c8257d0-878a-473e-a9d1-e3e3a73af043","9aecf87c-0b29-4cfb-ac11-8ed2d3bfb28d","130","10","2024-09-26 16:44:29.091","2024-09-30 12:38:56.981","38","12.99"
"940dad1b-29f2-4801-87d5-dae226be3d8e","785f39c4-0c76-4730-a663-e68df8e16bde","15","SELL","8c8257d0-878a-473e-a9d1-e3e3a73af043","9aecf87c-0b29-4cfb-ac11-8ed2d3bfb28d","220","17","2024-09-28 13:11:41.938","2024-09-30 05:50:18.509","127","12.93"
"963f6880-a328-438a-83a7-1a40069b4bc5","785f39c4-0c76-4730-a663-e68df8e16bde","23","SELL","8c8257d0-878a-473e-a9d1-e3e3a73af043","9aecf87c-0b29-4cfb-ac11-8ed2d3bfb28d","130","10","2024-09-25 14:44:01.619","2024-09-30 12:38:56.981","147","13.02"
"991ac038-080e-4020-a4f6-b15fb1389d8f","4e2364e5-6611-4e4f-907b-43923da742f4","23","SELL","8c8257d0-878a-473e-a9d1-e3e3a73af043","2e22fcab-6896-4999-bcb8-3eae746250c7","121","9","2024-09-30 13:31:58.593","2024-09-30 13:31:58.593","312","13.00"
"9b5c1e38-bbe3-46d3-90ff-e1b218d6c03c","785f39c4-0c76-4730-a663-e68df8e16bde","29","SELL","026bb992-ae5f-4e05-9081-7e927ff1d472","4bb6ed3f-0c39-4bf2-84e6-bffeb42c110a","70","1","2024-09-25 15:27:47.08","2024-09-30 12:38:56.981","99","70.00"
"9b7e9f5e-45bf-4395-843a-1f328ef95360","4e2364e5-6611-4e4f-907b-43923da742f4","2","SELL","8c8257d0-878a-473e-a9d1-e3e3a73af043","2e22fcab-6896-4999-bcb8-3eae746250c7","222","17","2024-09-28 06:32:23.103","2024-09-28 06:32:23.103","251","12.92"
"9d392b07-d137-4d84-bfb5-a67784eb700f","785f39c4-0c76-4730-a663-e68df8e16bde","20","SELL","8c8257d0-878a-473e-a9d1-e3e3a73af043","9aecf87c-0b29-4cfb-ac11-8ed2d3bfb28d","160","12","2024-09-29 14:42:40.296","2024-09-30 05:50:18.509","202","12.99"
"9e113fb8-a6ee-4290-8b6c-abd89e023074","785f39c4-0c76-4730-a663-e68df8e16bde","6","SELL","c18c0ba0-0833-46d4-91cb-4239dfa99618","3a15ea2f-ac58-4668-97aa-7f71e2c04a53","240","5","2024-09-26 05:44:26.23","2024-09-30 05:50:18.509","445","44.07"
"a0677984-80e4-4b5d-a1bf-261300dd212d","785f39c4-0c76-4730-a663-e68df8e16bde","7","SELL","8c8257d0-878a-473e-a9d1-e3e3a73af043","9aecf87c-0b29-4cfb-ac11-8ed2d3bfb28d","1200","100","2024-09-27 11:41:31.343","2024-09-30 05:50:18.509","299","12.93"
"a0fd5cae-4998-4c72-be4f-eb3ae18816f1","0a486e2b-c76f-4f4f-8b8e-c4a6d71a9461","58","BUY","8c8257d0-878a-473e-a9d1-e3e3a73af043","9aecf87c-0b29-4cfb-ac11-8ed2d3bfb28d","1730","202","2024-09-25 20:33:13.564","2024-09-30 12:38:56.981","223","8.56"
"a186b2b1-5057-4578-bf0f-6e94bca2f8c5","785f39c4-0c76-4730-a663-e68df8e16bde","38","SELL","8c8257d0-878a-473e-a9d1-e3e3a73af043","9aecf87c-0b29-4cfb-ac11-8ed2d3bfb28d","200","15","2024-09-25 17:30:45.623","2024-09-30 12:38:56.981","31","13.03"
"a428471f-09d0-44d2-8764-eb38bd4375f0","785f39c4-0c76-4730-a663-e68df8e16bde","62","SELL","8c8257d0-878a-473e-a9d1-e3e3a73af043","513ccec2-2702-455c-8e17-caac1cdb996b","500","40","2024-09-26 17:52:21.725","2024-09-30 12:38:56.981","272","12.97"
"a6229d83-7f6b-4e1e-a712-3519802566eb","0a486e2b-c76f-4f4f-8b8e-c4a6d71a9461","29","BUY","8c8257d0-878a-473e-a9d1-e3e3a73af043","2e22fcab-6896-4999-bcb8-3eae746250c7","932","103","2024-09-28 19:34:15.976","2024-09-30 12:38:56.981","280","8.84"
"a89019bd-9e9e-4c3f-90fd-e7a5837d8c85","785f39c4-0c76-4730-a663-e68df8e16bde","31","SELL","8c8257d0-878a-473e-a9d1-e3e3a73af043","c48bb4c9-b68b-4bb0-b0e7-ca68b700e4ae","260","20","2024-09-28 19:37:28.321","2024-09-30 12:38:56.981","172","12.93"
"a9f01b0c-f2e7-45c1-b9a3-939cb83cf5d7","0a486e2b-c76f-4f4f-8b8e-c4a6d71a9461","35","BUY","8c8257d0-878a-473e-a9d1-e3e3a73af043","45b49cb2-e84a-4aea-b5da-ff2c8950854d","1083","121","2024-09-28 21:53:01.82","2024-09-30 12:38:56.981","127","8.95"
"aa7d4be2-e754-473a-b40d-d8af6e7d8076","4e2364e5-6611-4e4f-907b-43923da742f4","22","SELL","8c8257d0-878a-473e-a9d1-e3e3a73af043","2e22fcab-6896-4999-bcb8-3eae746250c7","182","14","2024-09-30 13:20:48.149","2024-09-30 13:20:48.149","321","13.00"
"ab184566-64a1-48e9-bf4f-151c848289c1","4e2364e5-6611-4e4f-907b-43923da742f4","27","BUY","c18c0ba0-0833-46d4-91cb-4239dfa99618","3a15ea2f-ac58-4668-97aa-7f71e2c04a53","390","10","2024-09-26 12:24:46.704","2024-09-30 12:38:56.981","447","40.04"
"ab52aed1-d078-4af7-b947-bd55f3b254d2","785f39c4-0c76-4730-a663-e68df8e16bde","51","SELL","8c8257d0-878a-473e-a9d1-e3e3a73af043","9aecf87c-0b29-4cfb-ac11-8ed2d3bfb28d","221","17","2024-09-26 16:42:37.58","2024-09-30 12:38:56.981","124","12.98"
"abeec01d-4bbb-430f-b3b8-6d43bae25713","24b5aef6-9ed2-4a75-ad69-afa805d17749","11","SELL","c18c0ba0-0833-46d4-91cb-4239dfa99618","3a15ea2f-ac58-4668-97aa-7f71e2c04a53","43","1","2024-09-25 10:16:22.147","2024-09-30 05:50:18.509","486","42.93"
"ac79bcef-c337-4099-8931-912019ea60db","ffe8da22-a1f3-4722-bfea-2a6b530620dc","3","BUY","8c8257d0-878a-473e-a9d1-e3e3a73af043","2e22fcab-6896-4999-bcb8-3eae746250c7","1220","131","2024-09-25 09:36:37.354","2024-09-25 09:36:37.354","131","9.31"
"acd3fa2b-d92e-427c-aa6b-bfb0884669aa","785f39c4-0c76-4730-a663-e68df8e16bde","15","SELL","8c8257d0-878a-473e-a9d1-e3e3a73af043","9aecf87c-0b29-4cfb-ac11-8ed2d3bfb28d","130","10","2024-09-30 11:08:30.702","2024-09-30 11:08:30.702","176","12.99"
"ad27696e-1fdd-41a7-a144-5858cc3c1fb7","785f39c4-0c76-4730-a663-e68df8e16bde","9","SELL","8c8257d0-878a-473e-a9d1-e3e3a73af043","9aecf87c-0b29-4cfb-ac11-8ed2d3bfb28d","130","10","2024-09-30 07:56:45.639","2024-09-30 07:56:45.639","23","12.99"
"add0ac9f-b26f-46a7-a06c-3940c2f89fdf","0a486e2b-c76f-4f4f-8b8e-c4a6d71a9461","20","BUY","8c8257d0-878a-473e-a9d1-e3e3a73af043","eac99b52-9176-4c2b-83c1-07b935bd3fef","1627","203","2024-09-30 12:28:43.026","2024-09-30 12:28:43.026","209","8.55"
"ae7f164c-6752-4e19-a795-b24301b824da","785f39c4-0c76-4730-a663-e68df8e16bde","21","SELL","8c8257d0-878a-473e-a9d1-e3e3a73af043","9aecf87c-0b29-4cfb-ac11-8ed2d3bfb28d","155","12","2024-09-25 13:20:47.521","2024-09-30 05:50:18.509","173","13.03"
"aeb4fe82-1d24-4099-84e5-a627ca2c6340","4e2364e5-6611-4e4f-907b-43923da742f4","40","SELL","8c8257d0-878a-473e-a9d1-e3e3a73af043","2e22fcab-6896-4999-bcb8-3eae746250c7","130","10","2024-09-26 14:12:18.98","2024-09-30 12:38:56.981","321","12.98"
"b0076103-13c8-465a-9247-1f0fffbbb512","0a486e2b-c76f-4f4f-8b8e-c4a6d71a9461","5","BUY","8c8257d0-878a-473e-a9d1-e3e3a73af043","9aecf87c-0b29-4cfb-ac11-8ed2d3bfb28d","2200","274","2024-09-27 09:19:28.792","2024-09-27 09:19:28.792","399","8.81"
"b07e6b9b-0735-41d2-9a32-71a7962765ac","785f39c4-0c76-4730-a663-e68df8e16bde","2","SELL","8c8257d0-878a-473e-a9d1-e3e3a73af043","c48bb4c9-b68b-4bb0-b0e7-ca68b700e4ae","390","30","2024-09-29 06:18:13.514","2024-09-29 06:18:13.514","103","12.94"
"b23ed1a7-a70e-47fd-a34f-d574a2b943fe","785f39c4-0c76-4730-a663-e68df8e16bde","1","SELL","c18c0ba0-0833-46d4-91cb-4239dfa99618","3a15ea2f-ac58-4668-97aa-7f71e2c04a53","129","3","2024-09-26 04:51:00.141","2024-09-26 04:51:00.141","459","43.83"
"b24669db-8a77-45b2-b01d-f9654218df79","4e2364e5-6611-4e4f-907b-43923da742f4","26","SELL","8c8257d0-878a-473e-a9d1-e3e3a73af043","2e22fcab-6896-4999-bcb8-3eae746250c7","190","15","2024-09-26 12:16:36.074","2024-09-30 12:38:56.981","163","12.98"
"b30a9105-07fe-4962-a155-0966b571f67e","785f39c4-0c76-4730-a663-e68df8e16bde","12","SELL","8c8257d0-878a-473e-a9d1-e3e3a73af043","9aecf87c-0b29-4cfb-ac11-8ed2d3bfb28d","120","9","2024-09-28 10:26:06.487","2024-09-30 05:50:18.509","191","12.93"
"b408eac4-2e4e-4507-98da-a5ecf6a0f34e","785f39c4-0c76-4730-a663-e68df8e16bde","17","SELL","8c8257d0-878a-473e-a9d1-e3e3a73af043","9aecf87c-0b29-4cfb-ac11-8ed2d3bfb28d","110","8","2024-09-28 16:06:37.383","2024-09-30 05:50:18.509","89","12.93"
"b6014e0e-8421-4543-b447-385d7fa7f935","785f39c4-0c76-4730-a663-e68df8e16bde","63","SELL","8c8257d0-878a-473e-a9d1-e3e3a73af043","513ccec2-2702-455c-8e17-caac1cdb996b","416","32","2024-09-26 18:44:10.078","2024-09-30 12:38:56.981","240","12.98"
"b7e4bcdc-7dfd-4359-a34c-3a8b3e5e37b3","785f39c4-0c76-4730-a663-e68df8e16bde","25","SELL","026bb992-ae5f-4e05-9081-7e927ff1d472","4bb6ed3f-0c39-4bf2-84e6-bffeb42c110a","70","1","2024-09-25 14:49:12.828","2024-09-30 12:38:56.981","101","70.00"
"b88bc6f9-c516-4479-a828-09ccf9934b42","785f39c4-0c76-4730-a663-e68df8e16bde","3","SELL","8c8257d0-878a-473e-a9d1-e3e3a73af043","9aecf87c-0b29-4cfb-ac11-8ed2d3bfb28d","130","10","2024-09-26 04:51:59.515","2024-09-26 04:51:59.515","213","12.98"
"b8ce9b8b-639e-4b0e-8384-bde1106ce000","24b5aef6-9ed2-4a75-ad69-afa805d17749","10","SELL","c18c0ba0-0833-46d4-91cb-4239dfa99618","3a15ea2f-ac58-4668-97aa-7f71e2c04a53","85","2","2024-09-25 10:15:48.771","2024-09-30 05:50:18.509","488","42.92"
"baddc00e-2291-4852-90c7-694dd873babf","785f39c4-0c76-4730-a663-e68df8e16bde","6","SELL","8c8257d0-878a-473e-a9d1-e3e3a73af043","513ccec2-2702-455c-8e17-caac1cdb996b","234","18","2024-09-27 11:10:38.02","2024-09-30 05:50:18.509","40","12.98"
"bc5c4012-ce41-4f3b-9c66-bf7dd08e258b","785f39c4-0c76-4730-a663-e68df8e16bde","55","SELL","8c8257d0-878a-473e-a9d1-e3e3a73af043","9aecf87c-0b29-4cfb-ac11-8ed2d3bfb28d","510","39","2024-09-26 16:44:08.445","2024-09-30 12:38:56.981","48","12.99"
"bcbf9823-23de-482f-995e-0bad30bb9d8d","785f39c4-0c76-4730-a663-e68df8e16bde","21","SELL","8c8257d0-878a-473e-a9d1-e3e3a73af043","9aecf87c-0b29-4cfb-ac11-8ed2d3bfb28d","160","13","2024-09-29 15:05:45.026","2024-09-30 05:50:18.509","189","12.99"
"be90cdb0-efad-4ed4-b639-4d8bda0e059a","785f39c4-0c76-4730-a663-e68df8e16bde","32","BUY","c18c0ba0-0833-46d4-91cb-4239dfa99618","3a15ea2f-ac58-4668-97aa-7f71e2c04a53","390","10","2024-09-26 12:54:36.583","2024-09-30 12:38:56.981","457","40.02"
"c115619c-299a-49f8-80e8-f8d0e30522db","4e2364e5-6611-4e4f-907b-43923da742f4","14","SELL","8c8257d0-878a-473e-a9d1-e3e3a73af043","2e22fcab-6896-4999-bcb8-3eae746250c7","221","17","2024-09-25 12:22:52.412","2024-09-30 05:50:18.509","114","13.00"
"c14b4c7d-937e-4503-9085-cb0eb081c14b","ffe8da22-a1f3-4722-bfea-2a6b530620dc","4","BUY","8c8257d0-878a-473e-a9d1-e3e3a73af043","513ccec2-2702-455c-8e17-caac1cdb996b","931","100","2024-09-25 09:37:23.093","2024-09-25 09:37:23.093","100","9.31"
"c1f3fc8d-4dc9-4af8-bff1-b984e662ddc2","4e2364e5-6611-4e4f-907b-43923da742f4","21","SELL","8c8257d0-878a-473e-a9d1-e3e3a73af043","2e22fcab-6896-4999-bcb8-3eae746250c7","130","8","2024-09-30 12:37:18.876","2024-09-30 12:37:18.876","335","13.00"
"c27a4842-30d5-4684-b841-b343c5aa7197","0a486e2b-c76f-4f4f-8b8e-c4a6d71a9461","22","BUY","8c8257d0-878a-473e-a9d1-e3e3a73af043","9aecf87c-0b29-4cfb-ac11-8ed2d3bfb28d","1097","131","2024-09-29 15:40:19.643","2024-09-30 05:50:18.509","320","8.37"
"c33780fa-11c5-4da6-ba0e-693f17c86038","785f39c4-0c76-4730-a663-e68df8e16bde","14","SELL","8c8257d0-878a-473e-a9d1-e3e3a73af043","2e22fcab-6896-4999-bcb8-3eae746250c7","130","10","2024-09-26 09:17:30.98","2024-09-30 05:50:18.509","61","12.97"
"c4c4f04e-7a5d-4396-8aba-6a9c0ca4b115","24b5aef6-9ed2-4a75-ad69-afa805d17749","8","BUY","c18c0ba0-0833-46d4-91cb-4239dfa99618","3a15ea2f-ac58-4668-97aa-7f71e2c04a53","422","11","2024-09-25 10:09:01.545","2024-09-30 05:50:18.509","501","40.06"
"c513fbb5-28dc-4936-bf50-a69f5ddd904f","24b5aef6-9ed2-4a75-ad69-afa805d17749","8","SELL","8c8257d0-878a-473e-a9d1-e3e3a73af043","c48bb4c9-b68b-4bb0-b0e7-ca68b700e4ae","500","40","2024-09-28 07:44:03.894","2024-09-30 05:50:18.509","271","12.92"
"c530cc79-e5f1-4dec-a721-94ef0b8ceb21","24b5aef6-9ed2-4a75-ad69-afa805d17749","12","SELL","c18c0ba0-0833-46d4-91cb-4239dfa99618","3a15ea2f-ac58-4668-97aa-7f71e2c04a53","90","2","2024-09-25 11:08:49.094","2024-09-30 05:50:18.509","483","42.92"
"c56d4b84-3647-457f-a920-59eab141406b","785f39c4-0c76-4730-a663-e68df8e16bde","31","SELL","8c8257d0-878a-473e-a9d1-e3e3a73af043","9aecf87c-0b29-4cfb-ac11-8ed2d3bfb28d","155","12","2024-09-30 17:11:23.371","2024-09-30 17:11:23.371","278","13.00"
"c5e8c997-7960-40b8-bdd5-3c83d6c0af20","4e2364e5-6611-4e4f-907b-43923da742f4","45","SELL","8c8257d0-878a-473e-a9d1-e3e3a73af043","2e22fcab-6896-4999-bcb8-3eae746250c7","160","12","2024-09-26 15:08:46.078","2024-09-30 12:38:56.981","309","12.98"
"c7452a5f-fd82-478e-b861-9179c94c8732","4e2364e5-6611-4e4f-907b-43923da742f4","22","SELL","c18c0ba0-0833-46d4-91cb-4239dfa99618","3a15ea2f-ac58-4668-97aa-7f71e2c04a53","118","2","2024-09-25 13:36:30.854","2024-09-30 12:38:56.981","475","44.36"
"c80ceffe-1d67-41f0-923d-34e1caeb585d","24b5aef6-9ed2-4a75-ad69-afa805d17749","29","SELL","8c8257d0-878a-473e-a9d1-e3e3a73af043","c48bb4c9-b68b-4bb0-b0e7-ca68b700e4ae","130","10","2024-09-27 20:09:07.278","2024-09-30 12:38:56.981","311","12.92"
"c914186d-7e29-40ce-aca5-4657ed93693c","785f39c4-0c76-4730-a663-e68df8e16bde","54","SELL","8c8257d0-878a-473e-a9d1-e3e3a73af043","9aecf87c-0b29-4cfb-ac11-8ed2d3bfb28d","221","17","2024-09-26 16:43:42.973","2024-09-30 12:38:56.981","87","12.98"
"c94d7495-2058-45d2-ba51-1def7699230d","4e2364e5-6611-4e4f-907b-43923da742f4","22","SELL","c18c0ba0-0833-46d4-91cb-4239dfa99618","3a15ea2f-ac58-4668-97aa-7f71e2c04a53","258","6","2024-09-26 11:07:56.24","2024-09-30 05:50:18.509","437","43.94"
"c98df0a2-bb93-4d1d-8ef2-855b1df8b418","785f39c4-0c76-4730-a663-e68df8e16bde","8","SELL","8c8257d0-878a-473e-a9d1-e3e3a73af043","9aecf87c-0b29-4cfb-ac11-8ed2d3bfb28d","200","15","2024-09-30 07:40:58.554","2024-09-30 07:40:58.554","33","12.99"
"c9bb6cf8-9735-416c-8633-0e000fa99ad2","785f39c4-0c76-4730-a663-e68df8e16bde","16","SELL","8c8257d0-878a-473e-a9d1-e3e3a73af043","9aecf87c-0b29-4cfb-ac11-8ed2d3bfb28d","390","30","2024-09-28 13:12:08.835","2024-09-30 05:50:18.509","97","12.93"
"cc670818-d449-438b-a45f-66554d7efa08","4e2364e5-6611-4e4f-907b-43923da742f4","20","SELL","8c8257d0-878a-473e-a9d1-e3e3a73af043","2e22fcab-6896-4999-bcb8-3eae746250c7","208","16","2024-09-27 16:18:38.788","2024-09-30 05:50:18.509","357","12.91"
"cca34653-d828-4332-bffd-b227488a9c7c","785f39c4-0c76-4730-a663-e68df8e16bde","7","SELL","8c8257d0-878a-473e-a9d1-e3e3a73af043","c48bb4c9-b68b-4bb0-b0e7-ca68b700e4ae","950","73","2024-09-29 10:55:28.764","2024-09-30 05:50:18.509","102","12.99"
"cd605481-85ce-4212-871e-d43ca17014e1","24b5aef6-9ed2-4a75-ad69-afa805d17749","60","SELL","026bb992-ae5f-4e05-9081-7e927ff1d472","4bb6ed3f-0c39-4bf2-84e6-bffeb42c110a","70","1","2024-09-25 20:54:44.961","2024-09-30 12:38:56.981","97","70.00"
"cf407a6f-98e2-4b6a-bf45-a7631956366c","4e2364e5-6611-4e4f-907b-43923da742f4","15","SELL","8c8257d0-878a-473e-a9d1-e3e3a73af043","2e22fcab-6896-4999-bcb8-3eae746250c7","255","20","2024-09-25 12:23:13.028","2024-09-30 05:50:18.509","94","12.93"
"cfe8b500-5a79-49e5-80b7-14469d8f63a6","4e2364e5-6611-4e4f-907b-43923da742f4","35","SELL","8c8257d0-878a-473e-a9d1-e3e3a73af043","2e22fcab-6896-4999-bcb8-3eae746250c7","100","7","2024-09-30 17:53:54.571","2024-09-30 17:53:54.571","75","13.00"
"d03c87e1-ee2c-4860-b93b-1a816ef0fc41","785f39c4-0c76-4730-a663-e68df8e16bde","25","SELL","8c8257d0-878a-473e-a9d1-e3e3a73af043","9aecf87c-0b29-4cfb-ac11-8ed2d3bfb28d","260","20","2024-09-29 19:54:26.487","2024-09-30 12:38:56.981","256","12.99"
"d2662e39-1d16-4e5d-b86e-60e81ef0d4d8","0a486e2b-c76f-4f4f-8b8e-c4a6d71a9461","34","BUY","8c8257d0-878a-473e-a9d1-e3e3a73af043","2e22fcab-6896-4999-bcb8-3eae746250c7","2320","253","2024-09-25 16:33:33.901","2024-09-30 12:38:56.981","218","9.17"
"d2d6bac7-0d24-4ed9-8083-2b482983b076","785f39c4-0c76-4730-a663-e68df8e16bde","31","SELL","8c8257d0-878a-473e-a9d1-e3e3a73af043","9aecf87c-0b29-4cfb-ac11-8ed2d3bfb28d","754","58","2024-09-29 19:57:09.833","2024-09-30 12:38:56.981","129","12.99"
"d3038b05-910b-4b66-a74c-4ae02ccbeb54","24b5aef6-9ed2-4a75-ad69-afa805d17749","9","SELL","c18c0ba0-0833-46d4-91cb-4239dfa99618","3a15ea2f-ac58-4668-97aa-7f71e2c04a53","215","5","2024-09-25 10:09:30.858","2024-09-30 05:50:18.509","496","43.00"
"d3e28d16-880b-4a68-92b7-c696d1adbac6","785f39c4-0c76-4730-a663-e68df8e16bde","22","SELL","8c8257d0-878a-473e-a9d1-e3e3a73af043","9aecf87c-0b29-4cfb-ac11-8ed2d3bfb28d","208","16","2024-09-25 14:05:07.001","2024-09-30 12:38:56.981","157","13.02"
"d68e6f6c-d336-4bfa-8e51-c4676e4d9837","785f39c4-0c76-4730-a663-e68df8e16bde","61","SELL","8c8257d0-878a-473e-a9d1-e3e3a73af043","513ccec2-2702-455c-8e17-caac1cdb996b","130","10","2024-09-26 17:49:32.804","2024-09-30 12:38:56.981","312","12.99"
"d7ef0a91-9450-4304-8b5a-6316bb12580e","785f39c4-0c76-4730-a663-e68df8e16bde","7","SELL","8c8257d0-878a-473e-a9d1-e3e3a73af043","2e22fcab-6896-4999-bcb8-3eae746250c7","930","72","2024-09-26 05:45:14.369","2024-09-30 05:50:18.509","146","12.97"
"d83bff51-a5fa-47bc-9392-91b83e9d623a","785f39c4-0c76-4730-a663-e68df8e16bde","12","SELL","8c8257d0-878a-473e-a9d1-e3e3a73af043","c48bb4c9-b68b-4bb0-b0e7-ca68b700e4ae","130","10","2024-09-29 12:42:28.952","2024-09-30 05:50:18.509","56","12.99"
"d954114b-1a5f-41ee-a867-820cc1fafb33","785f39c4-0c76-4730-a663-e68df8e16bde","67","SELL","8c8257d0-878a-473e-a9d1-e3e3a73af043","513ccec2-2702-455c-8e17-caac1cdb996b","630","50","2024-09-26 19:19:24.037","2024-09-30 12:38:56.981","150","12.96"
"d9bbe73c-71b7-471e-9340-2d914b10468b","24b5aef6-9ed2-4a75-ad69-afa805d17749","18","SELL","8c8257d0-878a-473e-a9d1-e3e3a73af043","c48bb4c9-b68b-4bb0-b0e7-ca68b700e4ae","260","20","2024-09-28 16:16:07.827","2024-09-30 05:50:18.509","251","12.93"
"da84e10f-8b4f-4d92-adec-0770a6bab4be","785f39c4-0c76-4730-a663-e68df8e16bde","60","SELL","8c8257d0-878a-473e-a9d1-e3e3a73af043","513ccec2-2702-455c-8e17-caac1cdb996b","130","10","2024-09-26 17:48:16.723","2024-09-30 12:38:56.981","322","12.99"
"da9e67e0-9b2d-4a42-9eca-8a1d60056da3","0a486e2b-c76f-4f4f-8b8e-c4a6d71a9461","18","BUY","8c8257d0-878a-473e-a9d1-e3e3a73af043","eac99b52-9176-4c2b-83c1-07b935bd3fef","800","6","2024-09-30 12:08:12.581","2024-09-30 12:08:12.581","6","8.57"
"db6263d8-82c8-412d-823c-e26f87767838","785f39c4-0c76-4730-a663-e68df8e16bde","23","SELL","8c8257d0-878a-473e-a9d1-e3e3a73af043","9aecf87c-0b29-4cfb-ac11-8ed2d3bfb28d","130","10","2024-09-27 17:34:02.937","2024-09-30 12:38:56.981","103","12.92"
"dc32f89f-9cd4-4e35-b36e-956a278ab8ed","4e2364e5-6611-4e4f-907b-43923da742f4","23","SELL","8c8257d0-878a-473e-a9d1-e3e3a73af043","2e22fcab-6896-4999-bcb8-3eae746250c7","130","10","2024-09-26 12:14:53.607","2024-09-30 12:38:56.981","208","12.98"
"de84343a-07c6-44aa-8d7f-e3ec8ed7b9a6","708673fd-51aa-4253-8c4f-8f13c2f3c70c","53","SELL","8c8257d0-878a-473e-a9d1-e3e3a73af043","c48bb4c9-b68b-4bb0-b0e7-ca68b700e4ae","510","40","2024-09-25 20:06:38.848","2024-09-30 12:38:56.981","187","12.97"
"e1c415d7-e227-4d34-86bc-d808e9705fb4","785f39c4-0c76-4730-a663-e68df8e16bde","30","SELL","8c8257d0-878a-473e-a9d1-e3e3a73af043","9aecf87c-0b29-4cfb-ac11-8ed2d3bfb28d","130","10","2024-09-30 17:05:44.014","2024-09-30 17:05:44.014","290","13.00"
"e2c259a6-26fe-4fe0-98dc-624d5d198ae1","785f39c4-0c76-4730-a663-e68df8e16bde","48","SELL","c331abe1-e7aa-4d31-9f10-11b98219cb66","f0f9c94d-1cdd-4f05-a5aa-cd93470b1f11","250","4","2024-09-26 15:33:46.944","2024-09-30 12:38:56.981","515","57.56"
"e2ea7b4b-fb98-4ea3-af05-5767317e218a","0a486e2b-c76f-4f4f-8b8e-c4a6d71a9461","13","BUY","8c8257d0-878a-473e-a9d1-e3e3a73af043","513ccec2-2702-455c-8e17-caac1cdb996b","946","119","2024-09-25 12:17:39.536","2024-09-30 05:50:18.509","189","9.07"
"e5077439-1846-4380-9fd1-f3df5c212c73","785f39c4-0c76-4730-a663-e68df8e16bde","47","SELL","c331abe1-e7aa-4d31-9f10-11b98219cb66","f0f9c94d-1cdd-4f05-a5aa-cd93470b1f11","150","2","2024-09-26 15:33:19.802","2024-09-30 12:38:56.981","520","57.15"
"e5b08bb2-65b7-463e-bbe0-137da50c457e","785f39c4-0c76-4730-a663-e68df8e16bde","26","SELL","8c8257d0-878a-473e-a9d1-e3e3a73af043","9aecf87c-0b29-4cfb-ac11-8ed2d3bfb28d","325","25","2024-09-27 18:27:32.752","2024-09-30 12:38:56.981","54","12.92"
"e8e239b9-90cf-4165-aa17-0596cf6c1420","785f39c4-0c76-4730-a663-e68df8e16bde","39","BUY","c18c0ba0-0833-46d4-91cb-4239dfa99618","3a15ea2f-ac58-4668-97aa-7f71e2c04a53","585","15","2024-09-26 14:06:23.474","2024-09-30 12:38:56.981","466","39.99"
"e9812c62-0e29-4b62-84dd-8639d439b5fb","785f39c4-0c76-4730-a663-e68df8e16bde","1","SELL","8c8257d0-878a-473e-a9d1-e3e3a73af043","9aecf87c-0b29-4cfb-ac11-8ed2d3bfb28d","203","15","2024-09-30 04:08:18.685","2024-09-30 04:08:18.685","114","12.99"
"ea6c9cf6-1686-41d4-b946-ab44341c7da3","785f39c4-0c76-4730-a663-e68df8e16bde","17","SELL","8c8257d0-878a-473e-a9d1-e3e3a73af043","9aecf87c-0b29-4cfb-ac11-8ed2d3bfb28d","650","50","2024-09-29 13:43:40.729","2024-09-30 05:50:18.509","244","12.99"
"eacddddd-322b-4b87-9f50-c0ff04dc6f4b","785f39c4-0c76-4730-a663-e68df8e16bde","27","SELL","8c8257d0-878a-473e-a9d1-e3e3a73af043","9aecf87c-0b29-4cfb-ac11-8ed2d3bfb28d","260","20","2024-09-29 19:55:11.188","2024-09-30 12:38:56.981","219","12.99"
"eaecf159-2e7f-495e-b750-b478ed711729","785f39c4-0c76-4730-a663-e68df8e16bde","11","SELL","8c8257d0-878a-473e-a9d1-e3e3a73af043","9aecf87c-0b29-4cfb-ac11-8ed2d3bfb28d","130","10","2024-09-27 12:48:23.553","2024-09-30 05:50:18.509","264","12.93"
"eb898f94-0c24-4645-8445-18495a6d86f0","785f39c4-0c76-4730-a663-e68df8e16bde","4","SELL","8c8257d0-878a-473e-a9d1-e3e3a73af043","9aecf87c-0b29-4cfb-ac11-8ed2d3bfb28d","120","10","2024-09-30 05:07:21.819","2024-09-30 05:07:21.819","84","12.99"
"ebb011e8-c1a5-4612-864d-6b8374536a97","4e2364e5-6611-4e4f-907b-43923da742f4","6","SELL","8c8257d0-878a-473e-a9d1-e3e3a73af043","2e22fcab-6896-4999-bcb8-3eae746250c7","130","10","2024-09-28 06:58:11.07","2024-09-30 05:50:18.509","197","12.93"
"ec97e1ee-97f4-493f-88f1-a83336c4c04e","785f39c4-0c76-4730-a663-e68df8e16bde","4","SELL","c18c0ba0-0833-46d4-91cb-4239dfa99618","3a15ea2f-ac58-4668-97aa-7f71e2c04a53","129","3","2024-09-26 04:58:40.998","2024-09-26 04:58:40.998","453","43.72"
"ec9e2ed0-e9d5-4bb7-a4a1-108b6d36b813","785f39c4-0c76-4730-a663-e68df8e16bde","10","SELL","8c8257d0-878a-473e-a9d1-e3e3a73af043","2e22fcab-6896-4999-bcb8-3eae746250c7","221","17","2024-09-26 07:01:49.854","2024-09-30 05:50:18.509","88","12.97"
"eda7977c-80a9-4573-96ff-02162fd8ab5e","785f39c4-0c76-4730-a663-e68df8e16bde","6","SELL","c18c0ba0-0833-46d4-91cb-4239dfa99618","3a15ea2f-ac58-4668-97aa-7f71e2c04a53","129","3","2024-09-26 05:21:54.183","2024-09-26 05:21:54.183","450","43.68"
"eea3101a-b1a9-4423-8a31-0d654cc14a6e","785f39c4-0c76-4730-a663-e68df8e16bde","28","SELL","8c8257d0-878a-473e-a9d1-e3e3a73af043","9aecf87c-0b29-4cfb-ac11-8ed2d3bfb28d","130","10","2024-09-25 15:27:05.948","2024-09-30 12:38:56.981","127","13.02"
"eee662a6-eeb8-494f-af40-998d1d3fad9b","4e2364e5-6611-4e4f-907b-43923da742f4","1","SELL","8c8257d0-878a-473e-a9d1-e3e3a73af043","2e22fcab-6896-4999-bcb8-3eae746250c7","510","39","2024-09-28 06:31:11.09","2024-09-28 06:31:11.09","268","12.92"
"ef432aa7-716a-4b66-9fff-07b5894a9c24","785f39c4-0c76-4730-a663-e68df8e16bde","26","SELL","8c8257d0-878a-473e-a9d1-e3e3a73af043","9aecf87c-0b29-4cfb-ac11-8ed2d3bfb28d","221","17","2024-09-29 19:54:48.577","2024-09-30 12:38:56.981","239","12.99"
"ef87d2f2-e1af-46b8-bd30-113cfacf7c54","785f39c4-0c76-4730-a663-e68df8e16bde","5","SELL","8c8257d0-878a-473e-a9d1-e3e3a73af043","9aecf87c-0b29-4cfb-ac11-8ed2d3bfb28d","112","8","2024-09-28 06:34:12.816","2024-09-28 06:34:12.816","260","12.93"
"efda1e5a-40ca-436a-a9ff-89a2e4d88237","785f39c4-0c76-4730-a663-e68df8e16bde","42","SELL","8c8257d0-878a-473e-a9d1-e3e3a73af043","2e22fcab-6896-4999-bcb8-3eae746250c7","130","10","2024-09-25 18:53:05.588","2024-09-30 12:38:56.981","292","13.02"
"efe0a23e-b348-4f0e-818a-1939ec51480d","4e2364e5-6611-4e4f-907b-43923da742f4","29","SELL","8c8257d0-878a-473e-a9d1-e3e3a73af043","2e22fcab-6896-4999-bcb8-3eae746250c7","1300","100","2024-09-26 12:33:45.054","2024-09-30 12:38:56.981","164","12.98"
"f01800c9-7957-4215-927a-7ac088c967e8","785f39c4-0c76-4730-a663-e68df8e16bde","30","SELL","8c8257d0-878a-473e-a9d1-e3e3a73af043","c48bb4c9-b68b-4bb0-b0e7-ca68b700e4ae","170","13","2024-09-28 19:37:00.621","2024-09-30 12:38:56.981","192","12.93"
"f0eb054f-2296-4682-ba71-d6180f711783","785f39c4-0c76-4730-a663-e68df8e16bde","1","SELL","8c8257d0-878a-473e-a9d1-e3e3a73af043","513ccec2-2702-455c-8e17-caac1cdb996b","170","13","2024-09-27 06:12:23.018","2024-09-27 06:12:23.018","125","12.98"
"f22804c4-fd15-48f1-9975-a10dcf705761","4e2364e5-6611-4e4f-907b-43923da742f4","4","SELL","8c8257d0-878a-473e-a9d1-e3e3a73af043","2e22fcab-6896-4999-bcb8-3eae746250c7","360","15","2024-09-29 09:02:25.216","2024-09-29 09:02:25.216","360","12.99"
"f26cf181-3b4e-4eea-adfa-f1dc3ea4a408","785f39c4-0c76-4730-a663-e68df8e16bde","18","SELL","8c8257d0-878a-473e-a9d1-e3e3a73af043","9aecf87c-0b29-4cfb-ac11-8ed2d3bfb28d","260","20","2024-09-27 15:54:51.303","2024-09-30 05:50:18.509","123","12.91"
"f298bb5c-8899-458d-9a04-9fca7727bab3","785f39c4-0c76-4730-a663-e68df8e16bde","41","SELL","8c8257d0-878a-473e-a9d1-e3e3a73af043","9aecf87c-0b29-4cfb-ac11-8ed2d3bfb28d","155","12","2024-09-26 14:44:49.756","2024-09-30 12:38:56.981","181","12.98"
"f2a2332a-1599-443e-840c-457aa8cf98a1","785f39c4-0c76-4730-a663-e68df8e16bde","24","SELL","8c8257d0-878a-473e-a9d1-e3e3a73af043","9aecf87c-0b29-4cfb-ac11-8ed2d3bfb28d","221","17","2024-09-29 19:53:51.745","2024-09-30 12:38:56.981","276","12.99"
"f345b52f-2267-4a89-bb9d-e684112bef65","4e2364e5-6611-4e4f-907b-43923da742f4","25","SELL","8c8257d0-878a-473e-a9d1-e3e3a73af043","2e22fcab-6896-4999-bcb8-3eae746250c7","130","10","2024-09-30 14:27:44.911","2024-09-30 15:02:28.828","302","13.00"
"f4c71793-8c7e-4259-82a1-f2f9bb87fca3","4e2364e5-6611-4e4f-907b-43923da742f4","37","SELL","8c8257d0-878a-473e-a9d1-e3e3a73af043","2e22fcab-6896-4999-bcb8-3eae746250c7","260","20","2024-09-26 13:34:38.87","2024-09-30 12:38:56.981","331","12.98"
"f7072f04-ff4c-489a-a789-aa3a7e95ab11","0a486e2b-c76f-4f4f-8b8e-c4a6d71a9461","28","BUY","8c8257d0-878a-473e-a9d1-e3e3a73af043","2e22fcab-6896-4999-bcb8-3eae746250c7","915","101","2024-09-26 12:29:13.294","2024-09-30 12:38:56.981","264","8.90"
"f71ca072-839e-481a-b29d-4c204198fc5e","785f39c4-0c76-4730-a663-e68df8e16bde","59","SELL","8c8257d0-878a-473e-a9d1-e3e3a73af043","513ccec2-2702-455c-8e17-caac1cdb996b","390","30","2024-09-26 17:13:16.915","2024-09-30 12:38:56.981","332","12.99"
"f7b8891a-ca87-4743-a301-acc321496523","24b5aef6-9ed2-4a75-ad69-afa805d17749","9","SELL","c18c0ba0-0833-46d4-91cb-4239dfa99618","3a15ea2f-ac58-4668-97aa-7f71e2c04a53","258","6","2024-09-25 10:09:46.972","2024-09-30 05:50:18.509","490","43.00"
"f86d8d11-0180-4857-a836-4a8a129a6efe","785f39c4-0c76-4730-a663-e68df8e16bde","32","SELL","8c8257d0-878a-473e-a9d1-e3e3a73af043","9aecf87c-0b29-4cfb-ac11-8ed2d3bfb28d","130","10","2024-09-30 17:34:06.325","2024-09-30 17:34:06.325","268","13.00"
"f8825e6f-59be-41c5-9a1e-daf92bbab430","785f39c4-0c76-4730-a663-e68df8e16bde","11","SELL","8c8257d0-878a-473e-a9d1-e3e3a73af043","9aecf87c-0b29-4cfb-ac11-8ed2d3bfb28d","130","10","2024-09-28 10:25:42.691","2024-09-30 05:50:18.509","200","12.93"
"f8d391a3-3b67-4420-a07a-1ebee9490d3d","785f39c4-0c76-4730-a663-e68df8e16bde","23","SELL","8c8257d0-878a-473e-a9d1-e3e3a73af043","9aecf87c-0b29-4cfb-ac11-8ed2d3bfb28d","100","7","2024-09-29 19:53:25.175","2024-09-30 12:38:56.981","293","12.99"
"fa2d5990-216f-4c64-bf15-4bdd77525d8b","4e2364e5-6611-4e4f-907b-43923da742f4","16","SELL","8c8257d0-878a-473e-a9d1-e3e3a73af043","2e22fcab-6896-4999-bcb8-3eae746250c7","100","7","2024-09-25 12:37:16.287","2024-09-30 05:50:18.509","87","13.05"
"fbaa7a55-12d8-405d-ab77-8b4d6026c5e8","4e2364e5-6611-4e4f-907b-43923da742f4","25","SELL","8c8257d0-878a-473e-a9d1-e3e3a73af043","2e22fcab-6896-4999-bcb8-3eae746250c7","390","30","2024-09-28 18:28:06.558","2024-09-30 12:38:56.981","177","12.93"
"fc7c7627-13a3-4df2-a6f7-8c17c76900a0","785f39c4-0c76-4730-a663-e68df8e16bde","41","SELL","8c8257d0-878a-473e-a9d1-e3e3a73af043","2e22fcab-6896-4999-bcb8-3eae746250c7","325","25","2024-09-25 18:27:25.076","2024-09-30 12:38:56.981","302","13.02"
"fc9b030a-0d94-439e-9373-7d0dcc32a194","0a486e2b-c76f-4f4f-8b8e-c4a6d71a9461","17","BUY","8c8257d0-878a-473e-a9d1-e3e3a73af043","9aecf87c-0b29-4cfb-ac11-8ed2d3bfb28d","930","104","2024-09-27 15:48:33.779","2024-09-30 05:50:18.509","143","8.81"
"fd3cc4c5-8d1b-481f-9677-9fd59f04e10f","785f39c4-0c76-4730-a663-e68df8e16bde","5","SELL","c331abe1-e7aa-4d31-9f10-11b98219cb66","f0f9c94d-1cdd-4f05-a5aa-cd93470b1f11","840","15","2024-09-26 05:16:06.583","2024-09-26 05:16:06.583","466","57.57"
"fd858b04-37d8-4ced-ae4c-8a232c186997","785f39c4-0c76-4730-a663-e68df8e16bde","31","SELL","c331abe1-e7aa-4d31-9f10-11b98219cb66","f0f9c94d-1cdd-4f05-a5aa-cd93470b1f11","56","1","2024-09-25 15:49:57.947","2024-09-30 12:38:56.981","481","58.26"
"fd99d401-62ba-4362-9de0-2c4dd5ffb7ee","708673fd-51aa-4253-8c4f-8f13c2f3c70c","52","SELL","8c8257d0-878a-473e-a9d1-e3e3a73af043","c48bb4c9-b68b-4bb0-b0e7-ca68b700e4ae","221","17","2024-09-25 20:06:12.955","2024-09-30 12:38:56.981","227","12.98"
"fe9e65f9-c99c-4675-94b7-8ae3f7295fb6","785f39c4-0c76-4730-a663-e68df8e16bde","6","SELL","8c8257d0-878a-473e-a9d1-e3e3a73af043","513ccec2-2702-455c-8e17-caac1cdb996b","650","50","2024-09-27 10:49:47.452","2024-09-27 10:49:47.452","58","12.98"
"fffdd112-ef3d-4d0a-92c3-89dbd46a1230","4e2364e5-6611-4e4f-907b-43923da742f4","26","SELL","c331abe1-e7aa-4d31-9f10-11b98219cb66","f0f9c94d-1cdd-4f05-a5aa-cd93470b1f11","570","10","2024-09-25 14:50:15.259","2024-09-30 12:38:56.981","482","58.33"